"Id","Path","Slice Name","Alias(s)","Label","Min","Max","Must Support?","Is Modifier?","Is Summary?","Type(s)","Short","Definition","Comments","Requirements","Default Value","Meaning When Missing","Fixed Value","Pattern","Example","Minimum Value","Maximum Value","Maximum Length","Binding Strength","Binding Description","Binding Value Set","Code","Slicing Discriminator","Slicing Description","Slicing Ordered","Slicing Rules","Base Path","Base Min","Base Max","Condition(s)","Constraint(s)","Mapping: null"
"ActorXDS","ActorXDS","","","",0,*,"","","","null {[]} {[]}
","ActorXDS (LM)","Cet attribut représente un acteur (humain ou système) ayant contribué au document. Pour les documents d’expression personnelle du patient, cette métadonnée fait référence au patient. 

XCN de HL7 v2.5","","","","","","","","","",,,,,"",,,,"Base",0,*,"","","ActorXDS"
"ActorXDS.XCN1","ActorXDS.XCN1","","","",1,1,"","","","Reference {[]} {[CanonicalType[https://interop.esante.gouv.fr/ig/fhir/pdsm4dmp/StructureDefinition/PSIdNat], CanonicalType[https://interop.esante.gouv.fr/ig/fhir/pdsm4dmp/StructureDefinition/MatriculeINS], CanonicalType[https://interop.esante.gouv.fr/ig/fhir/pdsm4dmp/StructureDefinition/SNR], CanonicalType[https://interop.esante.gouv.fr/ig/fhir/pdsm4dmp/StructureDefinition/IdentifiantSysteme]]}
","Identifiant","Identifiant","","","","","","","","","",,,,,"",,,,"ActorXDS.XCN1",1,1,"","","author/assignedAuthor/id@extension"
"ActorXDS.XCN2","ActorXDS.XCN2","","","",1,1,"","","","string {[]} {[]}
","Nom d'exercice du professionnel, nom du patient, nom du système.","Nom d'exercice du professionnel, nom du patient, nom du système.","","","","","","","","","",,,,,"",,,,"ActorXDS.XCN2",1,1,"","","author/assignedAuthor/assignedPerson/name/family"
"ActorXDS.XCN3","ActorXDS.XCN3","","","",1,1,"","","","string {[]} {[]}
","Prénom usuel de la personne (par défaut le premier prénom), nom du modèle pour les dispositifs ou dénomination pour les autres systèmes.","Prénom usuel de la personne (par défaut le premier prénom), nom du modèle pour les dispositifs ou dénomination pour les autres systèmes.","","","","","","","","","",,,,,"",,,,"ActorXDS.XCN3",1,1,"","","author/assignedAuthor/assignedPerson/name/given"
"ActorXDS.XCN9","ActorXDS.XCN9","","","",1,1,"","","","Base {[]} {[]}
"," Autorité d’affectation"," Autorité d’affectation","","","","","","","","","",,,,,"",,,,"ActorXDS.XCN9",1,1,"","","NA"
"ActorXDS.XCN9.composant1","ActorXDS.XCN9.composant1","","","",0,0,"","","","string {[]} {[]}
","Vide, pas de valeur","Vide, pas de valeur","","","","","","","","","",,,,,"",,,,"ActorXDS.XCN9.composant1",0,0,"","","NA"
"ActorXDS.XCN9.composant2","ActorXDS.XCN9.composant2","","","",1,1,"","","","string {[]} {[]}
","Valeur de Universal ID","Valeur de Universal ID","","","","","","","","","",,,,,"",,,,"ActorXDS.XCN9.composant2",1,1,"","","author/assignedAuthor/id@root"
"ActorXDS.XCN9.composant3","ActorXDS.XCN9.composant3","","","",1,1,"","","","string {[]} {[]}
","Valeur de Universal ID type (ID)","Valeur de Universal ID type (ID)","","","","","","","","","",,,,,"",,,,"ActorXDS.XCN9.composant3",1,1,"","","NA"
"ActorXDS.XCN10","ActorXDS.XCN10","","","",1,1,"","","","code {[]} {[]}
","Type de nom : Valeur en fonction de l’auteur :  D, pour les personnes physiques, • U, pour les systèmes.","Type de nom : Valeur en fonction de l’auteur :  D, pour les personnes physiques, • U, pour les systèmes.","","","","","","","","","",,,,,"",,,,"ActorXDS.XCN10",1,1,"","","NA"
"ActorXDS.XCN13","ActorXDS.XCN13","","","",1,1,"","","","code {[]} {[]}
","Type d’identifiant","Type d’identifiant","","","","","","","","","",,,,,"",,,,"ActorXDS.XCN13",1,1,"","","Valeur ne provenant pas de l’en-tête CDA"
