"Id","Path","Slice Name","Alias(s)","Label","Min","Max","Must Support?","Is Modifier?","Is Summary?","Type(s)","Short","Definition","Comments","Requirements","Default Value","Meaning When Missing","Fixed Value","Pattern","Example","Minimum Value","Maximum Value","Maximum Length","Binding Strength","Binding Description","Binding Value Set","Code","Slicing Discriminator","Slicing Description","Slicing Ordered","Slicing Rules","Base Path","Base Min","Base Max","Condition(s)","Constraint(s)","Mapping: null","Mapping: null"
"AuthorDocumentEntry","AuthorDocumentEntry","","","",0,*,"","","","null {[]} {[]}
","AuthorDocumentEntry (LM)","Modèle logique d'un auteur d'un documeny
Cette métadonnée représente les personnes physiques et/ou les systèmes (dispositifs, automates, services numériques référencés…) auteurs d’un document. 
L’auteur peut être : 
-  Un professionnel (personne physique) via son logiciel de professionnel, 
- Le patient/usager (personne physique) via Mon espace Santé, 
-  Un système de structure (dispositif, automate, appareil connecté…), 
-  Un SNR (Service Numérique Référencé), ","","","","","","","","","",,,,,"",,,,"Base",0,*,"","","Author","Author"
"AuthorDocumentEntry.institution","AuthorDocumentEntry.institution","","","",0,1,"","","","https://interop.esante.gouv.fr/ig/fhir/pdsm4dmp/StructureDefinition/AuthorInstitution {[]} {[]}
","Cet attribut représente la structure de l’auteur. Pour les documents d’expression personnelle du patient, cette métadonnée est absente.","Cet attribut représente la structure de l’auteur.","","","","","","","","","",,,,,"",,,,"Author.institution",0,1,"",""
"AuthorDocumentEntry.person","AuthorDocumentEntry.person","","","",1,1,"","","","Reference {[]} {[CanonicalType[https://interop.esante.gouv.fr/ig/fhir/pdsm4dmp/StructureDefinition/ActorPS], CanonicalType[https://interop.esante.gouv.fr/ig/fhir/pdsm4dmp/StructureDefinition/ActorPatient], CanonicalType[https://interop.esante.gouv.fr/ig/fhir/pdsm4dmp/StructureDefinition/ActorSNR], CanonicalType[https://interop.esante.gouv.fr/ig/fhir/pdsm4dmp/StructureDefinition/ActorSystem]]}
","Cet attribut représente l’auteur (humain ou système) ayant contribué au document. Pour les documents d’expression personnelle du patient, cette métadonnée fait référence au patient.  ","author","","","","","","","","","",,,,,"",,,,"Author.person",1,1,"",""
"AuthorDocumentEntry.role","AuthorDocumentEntry.role","","","",0,*,"","","","CodeableConcept {[]} {[]}
","ette métadonnée représente le rôle joué par l’auteur vis-à-vis du patient lors de la constitution du lot de soumission, c'est-à-dire à quel titre l’auteur est intervenu vis-à-vis du patient (ex : médecin traitant, Responsable de l'admission, Membre de l'équipe de soins, etc.).","**Author Role**","","","","","","","","","",,"required","","https://mos.esante.gouv.fr/NOS/JDV_J47-FunctionCode-CISIS/FHIR/JDV-J47-FunctionCode-CISIS","",,,,"Author.role",0,*,"","","author/functionCode@displayName","Cet attribut n'a pas besoin d’être alimenté par un élément du DICOM KOS"
"AuthorDocumentEntry.specialty","AuthorDocumentEntry.specialty","","","",0,1,"","","","CodeableConcept {[]} {[]}
","Cet attribut représente la profession éventuellement associée au savoir-faire de l’auteur professionnel caractérisé par sa profession ou la profession associée au genre d’activité pour l’auteur professionnel caractérisé par son rôle. ","**AutorSpecialty**","","","","","","","","","",,"required","","https://mos.esante.gouv.fr/NOS/JDV_J56-AuthorSpecialty-DMP/FHIR/JDV-J56-AuthorSpecialty-DMP","",,,,"Author.specialty",0,1,"","","author/assignedAuthor/code@code","Cette métadonnée peut ne pas être renseignée dans le cas d’un DICOM KOS.   Si elle contient une valeur, elle devra contenir le code : 'DISPOSITIF' du JDV_J01_XdsAuthorSpecialty_CISIS"
