"Id","Path","Slice Name","Alias(s)","Label","Min","Max","Must Support?","Is Modifier?","Is Summary?","Type(s)","Short","Definition","Comments","Requirements","Default Value","Meaning When Missing","Fixed Value","Pattern","Example","Minimum Value","Maximum Value","Maximum Length","Binding Strength","Binding Description","Binding Value Set","Code","Slicing Discriminator","Slicing Description","Slicing Ordered","Slicing Rules","Base Path","Base Min","Base Max","Condition(s)","Constraint(s)","Mapping: null"
"ActorPS","ActorPS","","","",0,*,"","","","null {[]} {[]}
","ActorPS (LM)","Cet attribut représente l'acteur  PS. ","","","","","","","","","",,,,,"",,,,"Base",0,*,"","","ActorXDS"
"ActorPS.XCN1","ActorPS.XCN1","","","",1,1,"","","","Reference {[]} {[CanonicalType[https://interop.esante.gouv.fr/ig/fhir/pdsm4dmp/StructureDefinition/PSIdNat]]}
","Identifiant","Identifiant","","","","","","","<valueString xmlns=""http://hl7.org/fhir"" value=""3750100125/1453""/>","","",,,,,"",,,,"ActorXDS.XCN1",1,1,"","","author/assignedAuthor/id@extension"
"ActorPS.XCN2","ActorPS.XCN2","","","",1,1,"","","","string {[]} {[]}
","Nom d'exercice du professionnel","Nom d'exercice du professionnel, nom du patient, nom du système.","","","","","","","","","",,,,,"",,,,"ActorXDS.XCN2",1,1,"","","author/assignedAuthor/assignedPerson/name/family"
"ActorPS.XCN3","ActorPS.XCN3","","","",1,1,"","","","string {[]} {[]}
","Prénom usuel de la personne","Prénom usuel de la personne (par défaut le premier prénom), nom du modèle pour les dispositifs ou dénomination pour les autres systèmes.","","","","","","","","","",,,,,"",,,,"ActorXDS.XCN3",1,1,"","","author/assignedAuthor/assignedPerson/name/given"
"ActorPS.XCN9","ActorPS.XCN9","","","",1,1,"","","","Base {[]} {[]}
"," Autorité d’affectation"," Autorité d’affectation","","","","","","","","","",,,,,"",,,,"ActorXDS.XCN9",1,1,"","","NA"
"ActorPS.XCN9.composant1","ActorPS.XCN9.composant1","","","",1,1,"","","","string {[]} {[]}
","Vide, pas de valeur","Vide, pas de valeur","","","","","","","","","",,,,,"",,,,"ActorXDS.XCN9.composant1",1,1,"","","NA"
"ActorPS.XCN9.composant2","ActorPS.XCN9.composant2","","","",1,1,"","","","string {[]} {[]}
","1.2.250.1.71.4.2.1 (OID de gestion de personnes)","Valeur de Universal ID","","","","","","","","","",,,,,"",,,,"ActorXDS.XCN9.composant2",1,1,"","","author/assignedAuthor/id@root"
"ActorPS.XCN9.composant3","ActorPS.XCN9.composant3","","","",1,1,"","","","string {[]} {[]}
","Valeur de Universal ID type (ID)","Valeur de Universal ID type (ID)","","","","","","","","","",,,,,"",,,,"ActorXDS.XCN9.composant3",1,1,"","","NA"
"ActorPS.XCN10","ActorPS.XCN10","","","",1,1,"","","","code {[]} {[]}
","D","Type de nom : Valeur en fonction de l’auteur :  D, pour les personnes physiques, • U, pour les systèmes.","","","","","","","","","",,,,,"",,,,"ActorXDS.XCN10",1,1,"","","NA"
"ActorPS.XCN13","ActorPS.XCN13","","","",1,1,"","","","code {[]} {[]}
","IDNPS","Type d’identifiant","","","","","","","","","",,,,,"",,,,"ActorXDS.XCN13",1,1,"","","Valeur ne provenant pas de l’en-tête CDA"
