"Id","Path","Slice Name","Alias(s)","Label","Min","Max","Must Support?","Is Modifier?","Is Summary?","Type(s)","Short","Definition","Comments","Requirements","Default Value","Meaning When Missing","Fixed Value","Pattern","Example","Minimum Value","Maximum Value","Maximum Length","Binding Strength","Binding Description","Binding Value Set","Code","Slicing Discriminator","Slicing Description","Slicing Ordered","Slicing Rules","Base Path","Base Min","Base Max","Condition(s)","Constraint(s)"
"AuthorSubmissionSet","AuthorSubmissionSet","","","",0,*,"","","","null {[]} {[]}
","AuthorSubmissionSet (LM)","Modèle logique d'un auteur d'un lot de soumission
Cette métadonnée représente les personnes physiques et/ou les systèmes auteurs d’un lot de soumission. 
Constituée des sous-attributs **authorInstitution**, **authorPerson**, **authorRole** et **authorSpecialty**, elle ne porte pas de valeur par elle-même. ","","","","","","","","","",,,,,"",,,,"Base",0,*,"",""
"AuthorSubmissionSet.institution","AuthorSubmissionSet.institution","","","",0,1,"","","","https://interop.esante.gouv.fr/ig/fhir/pdsm4dmp/StructureDefinition/AuthorInstitution {[]} {[]}
","Cette métadonnée représente la structure émettrice du lot de soumission","Cet attribut représente la structure de l’auteur.","","","","","","","","","",,,,,"",,,,"Author.institution",0,1,"",""
"AuthorSubmissionSet.person","AuthorSubmissionSet.person","","","",1,1,"","","","Reference {[]} {[CanonicalType[https://interop.esante.gouv.fr/ig/fhir/pdsm4dmp/StructureDefinition/ActorPS], CanonicalType[https://interop.esante.gouv.fr/ig/fhir/pdsm4dmp/StructureDefinition/ActorPatient], CanonicalType[https://interop.esante.gouv.fr/ig/fhir/pdsm4dmp/StructureDefinition/ActorSNR], CanonicalType[https://interop.esante.gouv.fr/ig/fhir/pdsm4dmp/StructureDefinition/ActorSystem]]}
","Cette métadonnée représente la personne physique ou le système émetteur du lot de soumission.Pour les documents d’expression personnelle du patient, cette métadonnée fait référence au patient.  ","author","","","","","","","","","",,,,,"",,,,"Author.person",1,1,"",""
"AuthorSubmissionSet.role","AuthorSubmissionSet.role","","","",0,*,"","","","CodeableConcept {[]} {[]}
","ette métadonnée représente le rôle joué par l’auteur vis-à-vis du patient lors de la constitution du lot de soumission, c'est-à-dire à quel titre l’auteur est intervenu vis-à-vis du patient (ex : médecin traitant, Responsable de l'admission, Membre de l'équipe de soins, etc.).","**Author Role**","","","","","","","","","",,"required","","https://mos.esante.gouv.fr/NOS/JDV_J47-FunctionCode-CISIS/FHIR/JDV-J47-FunctionCode-CISIS","",,,,"Author.role",0,*,"",""
"AuthorSubmissionSet.specialty","AuthorSubmissionSet.specialty","","","",0,1,"","","","CodeableConcept {[]} {[]}
","Cet attribut représente la profession éventuellement associée au savoir-faire de l’auteur professionnel caractérisé par sa profession ou la profession associée au genre d’activité pour l’auteur professionnel caractérisé par son rôle. ","**AutorSpecialty**","","","","","","","","","",,"required","","https://mos.esante.gouv.fr/NOS/JDV_J56-AuthorSpecialty-DMP/FHIR/JDV-J56-AuthorSpecialty-DMP","",,,,"Author.specialty",0,1,"",""
