"Profile","Id","Path","Slice Name","Alias(s)","Label","Min","Max","Must Support?","Is Modifier?","Is Summary?","Type(s)","Short","Definition","Comments","Requirements","Default Value","Meaning When Missing","Fixed Value","Pattern","Example","Minimum Value","Maximum Value","Maximum Length","Binding Strength","Binding Description","Binding Value Set","Code","Slicing Discriminator","Slicing Description","Slicing Ordered","Slicing Rules","Base Path","Base Min","Base Max","Condition(s)","Constraint(s)"
"Author","Author","Author","","","",0,*,"","","","null {[]} {[]}
","Author (LM)","Modèle logique d'un auteur.
Représente les personnes physiques et/ou les systèmes (dispositifs, automates, services numériques référencés…) auteurs d’un document ou d'un lot de soummission. 
L’auteur peut être : 
- Un professionnel (personne physique) via son logiciel de professionnel, 
- Le patient/usager (personne physique) via Mon espace Santé, 
- Un système de structure (dispositif, automate, appareil connecté…), 
- Un SNR (Service Numérique Référencé), ","","","","","","","","","",,,,,"",,,,"Base",0,*,"",""
"Author","Author.institution","Author.institution","","","",0,1,"","","","https://interop.esante.gouv.fr/ig/fhir/pdsm4dmp/StructureDefinition/AuthorInstitution {[]} {[]}
","Cet attribut représente la structure de l’auteur.","Cet attribut représente la structure de l’auteur.","","","","","","","","","",,,,,"",,,,"Author.institution",0,1,"",""
"Author","Author.person","Author.person","","","",1,1,"","","","https://interop.esante.gouv.fr/ig/fhir/pdsm4dmp/StructureDefinition/AuthorPerson {[]} {[]}
","author","author","","","","","","","","","",,,,,"",,,,"Author.person",1,1,"",""
"Author","Author.role","Author.role","","","",1,1,"","","","CodeableConcept {[]} {[]}
","Cet attribut représente le rôle fonctionnel joué par l’auteur vis-à-vis du patient/usager lors de la création du document, c'est-à-dire à quel titre l’auteur est intervenu vis-à-vis du patient (ex : médecin traitant, Responsable de l'admission, Membre de l'équipe de soins, etc.). ","**Author Role**","","","","","","","","","",,"required","","https://mos.esante.gouv.fr/NOS/JDV_J47-FunctionCode-CISIS/FHIR/JDV-J47-FunctionCode-CISIS","",,,,"Author.role",1,1,"",""
"Author","Author.specialty","Author.specialty","","","",0,1,"","","","CodeableConcept {[]} {[]}
","Cet attribut représente la profession éventuellement associée au savoir-faire de l’auteur professionnel caractérisé par sa profession ou la profession associée au genre d’activité pour l’auteur professionnel caractérisé par son rôle. ","**AutorSpecialty**","","","","","","","","","",,"required","","https://mos.esante.gouv.fr/NOS/JDV_J56-AuthorSpecialty-DMP/FHIR/JDV-J56-AuthorSpecialty-DMP","",,,,"Author.specialty",0,1,"",""
"AuthorInstitution","AuthorInstitution","AuthorInstitution","","","",0,*,"","","","null {[]} {[]}
","AuthorInstitution (LM)","Cet attribut représente la structure de l’auteur. Pour les documents d’expression personnelle du patient, cette métadonnée est absente, cela signifie que l’élément XML <rim:Slot name='authorInstitution'> n’est pas transmis. ","","","","","","","","","",,,,,"",,,,"Base",0,*,"",""
"AuthorInstitution","AuthorInstitution.1","AuthorInstitution.1","","","",1,1,"","","","string {[]} {[]}
","Nom de la structure","Nom de la structure","","","","","","","","","",,,,,"",,,,"AuthorInstitution.1",1,1,"",""
"AuthorInstitution","AuthorInstitution.6","AuthorInstitution.6","","","",1,1,"","","","string {[]} {[]}
","Autorité d’affectation","Autorité d’affectation","","","","","","","","","",,,,,"",,,,"AuthorInstitution.6",1,1,"",""
"AuthorInstitution","AuthorInstitution.7","AuthorInstitution.7","","","",1,1,"","","","string {[]} {[]}
","Type d’identifiant","Type d’identifiant","","","","","","","","","",,,,,"",,,,"AuthorInstitution.7",1,1,"",""
"AuthorInstitution","AuthorInstitution.10","AuthorInstitution.10","","","",1,1,"","","","Extension {[CanonicalType[http://hl7.org/fhir/StructureDefinition/elementdefinition-identifier]]} {[]}
"," Identifiant de la structure (Struct_IdNat)"," Identifiant de la structure (Struct_IdNat)","","","","","","","","","",,,,,"",,,,"AuthorInstitution.10",1,1,"",""
"AuthorPerson","AuthorPerson","AuthorPerson","","","",0,*,"","","","null {[]} {[]}
","AuthorPerson (LM)","Cet attribut représente l’auteur (humain ou système) ayant contribué au document. Pour les documents d’expression personnelle du patient, cette métadonnée fait référence au patient. ","","","","","","","","","",,,,,"",,,,"Base",0,*,"",""
"AuthorPerson","AuthorPerson.1","AuthorPerson.1","","","",1,1,"","","","Extension {[CanonicalType[http://hl7.org/fhir/StructureDefinition/elementdefinition-identifier]]} {[]}
","Identifiant (PS_IdNat)","Identifiant (PS_IdNat)","","","","","","","","","",,,,,"",,,,"AuthorPerson.1",1,1,"",""
"AuthorPerson","AuthorPerson.2","AuthorPerson.2","","","",1,1,"","","","string {[]} {[]}
","Nom d'exercice du professionnel, nom du patient, nom du système.","Nom d'exercice du professionnel, nom du patient, nom du système.","","","","","","","","","",,,,,"",,,,"AuthorPerson.2",1,1,"",""
"AuthorPerson","AuthorPerson.3","AuthorPerson.3","","","",1,1,"","","","string {[]} {[]}
","Prénom usuel de la personne (par défaut le premier prénom), nom du modèle pour les dispositifs ou dénomination pour les autres systèmes.","Prénom usuel de la personne (par défaut le premier prénom), nom du modèle pour les dispositifs ou dénomination pour les autres systèmes.","","","","","","","","","",,,,,"",,,,"AuthorPerson.3",1,1,"",""
"AuthorPerson","AuthorPerson.9","AuthorPerson.9","","","",1,1,"","","","string {[]} {[]}
"," Autorité d’affectation "," Autorité d’affectation","","","","","","","","","",,,,,"",,,,"AuthorPerson.9",1,1,"",""
"AuthorPerson","AuthorPerson.10","AuthorPerson.10","","","",1,1,"","","","string {[]} {[]}
","Type de nom : Valeur en fonction de l’auteur : • D, pour les personnes physiques, • U, pour les systèmes.","Type de nom : Valeur en fonction de l’auteur : • D, pour les personnes physiques, • U, pour les systèmes.","","","","","","","","","",,,,,"",,,,"AuthorPerson.10",1,1,"",""
"AuthorPerson","AuthorPerson.13","AuthorPerson.13","","","",1,1,"","","","string {[]} {[]}
","Type d’identifiant","Type d’identifiant","","","","","","","","","",,,,,"",,,,"AuthorPerson.13",1,1,"",""
"DocumentEntry","DocumentEntry","DocumentEntry","","","",0,*,"","","","null {[]} {[]}
","Document Entry (LM)","Model logique  d’une fiche","","","","","","","","","",,,,,"",,,,"Base",0,*,"",""
"DocumentEntry","DocumentEntry.entryUUID","DocumentEntry.entryUUID","","","",1,1,"","","","uuid {[]} {[]}
","Identifiant unique affecté à la version de la fiche référençant le document.","Identifiant unique affecté à la version de la fiche référençant le document.","","","","","","","","","",,,,,"",,,,"DocumentEntry.entryUUID",1,1,"",""
"DocumentEntry","DocumentEntry.logicalId","DocumentEntry.logicalId","","","",1,1,"","","","Identifier {[]} {[]}
","Cette métadonnée représente un identifiant invariable pour toutes les versions de la fiche d'un document, à la différence de la métadonnée entryUUID qui a une valeur différente pour chaque version de la fiche","Cette métadonnée représente un identifiant invariable pour toutes les versions de la fiche d'un document, à la différence de la métadonnée entryUUID qui a une valeur différente pour chaque version de la fiche","","","","","","","","","",,,,,"",,,,"DocumentEntry.logicalId",1,1,"",""
"DocumentEntry","DocumentEntry.mimeType","DocumentEntry.mimeType","","","",1,1,"","","","CodeableConcept {[]} {[]}
","Cette métadonnée représente le type de contenu du document, défini par le standard MIME.","Cette métadonnée représente le type de contenu du document, défini par le standard MIME.","","","","","","","","","",,,,,"",,,,"DocumentEntry.mimeType",1,1,"",""
"DocumentEntry","DocumentEntry.availabilityStatus","DocumentEntry.availabilityStatus","","","",1,1,"","","","CodeableConcept {[]} {[]}
","Cette métadonnée représente la pertinence de la version de la fiche d'un document. ","**Availability Status**","","","","","","","","","",,"required","","https://mos.esante.gouv.fr/NOS/JDV_J52-AvailabilityStatus-CISIS/FHIR/JDV-J52-AvailabilityStatus-CISIS","",,,,"DocumentEntry.availabilityStatus",1,1,"",""
"DocumentEntry","DocumentEntry.hash","DocumentEntry.hash","","","",1,1,"","","","string {[]} {[]}
","Cette métadonnée contient le résultat du hachage du document déposé","Cette métadonnée contient le résultat du hachage du document déposé","","","","","","","","","",,,,,"",,,,"DocumentEntry.hash",1,1,"",""
"DocumentEntry","DocumentEntry.size","DocumentEntry.size","","","",1,1,"","","","integer {[]} {[]}
","Cette métadonnée correspond à la taille du document déposé.","Cette métadonnée correspond à la taille du document déposé.","","","","","","","","","",,,,,"",,,,"DocumentEntry.size",1,1,"",""
"DocumentEntry","DocumentEntry.languageCode","DocumentEntry.languageCode","","","",1,1,"","","","string {[]} {[]}
","Cette métadonnée représente le code de la langue dans laquelle le document est rédigé.","Pour tous les documents produits système initiateur français : 'fr-FR'","","","","","","","","","",,,,,"",,,,"DocumentEntry.languageCode",1,1,"",""
"DocumentEntry","DocumentEntry.author","DocumentEntry.author","","","",1,*,"","","","https://interop.esante.gouv.fr/ig/fhir/pdsm4dmp/StructureDefinition/Author {[]} {[]}
","Cette métadonnée représente les personnes physiques et/ou les systèmes (dispositifs, automates, services numériques référencés…) auteurs d’un document.","Cette métadonnée représente les personnes physiques et/ou les systèmes (dispositifs, automates, services numériques référencés…) auteurs d’un document.","","","","","","","","","",,,,,"",,,,"DocumentEntry.author",1,*,"",""
"DocumentEntry","DocumentEntry.legalAuthenticator","DocumentEntry.legalAuthenticator","","","",1,1,"","","","https://interop.esante.gouv.fr/ig/fhir/pdsm4dmp/StructureDefinition/LegalAuthenticator {[]} {[]}
","Cette métadonnée représente l'acteur prenant la responsabilité du contenu médical du document","XCN","","","","","","","","","",,,,,"",,,,"DocumentEntry.legalAuthenticator",1,1,"",""
"DocumentEntry","DocumentEntry.repositoryUniqueId","DocumentEntry.repositoryUniqueId","","","",1,1,"","","","oid {[]} {[]}
","Cette métadonnée représente l'identifiant unique global de l'entrepôt de documents dans lequel est stocké le document","Cette métadonnée représente l'identifiant unique global de l'entrepôt de documents dans lequel est stocké le document","","","","","","","","","",,,,,"",,,,"DocumentEntry.repositoryUniqueId",1,1,"",""
"DocumentEntry","DocumentEntry.serviceStartTime","DocumentEntry.serviceStartTime","","","",1,1,"","","","dateTime {[]} {[]}
","Cette métadonnée représente la date de début de l'acte de référence.","Cette métadonnée représente la date de début de l'acte de référence.","","","","","","","","","",,,,,"",,,,"DocumentEntry.serviceStartTime",1,1,"",""
"DocumentEntry","DocumentEntry.serviceEndTime","DocumentEntry.serviceEndTime","","","",0,1,"","","","dateTime {[]} {[]}
","Cette métadonnée correspond à la date de fin de l'acte de référence, si connue.","Cette métadonnée correspond à la date de fin de l'acte de référence, si connue.","","","","","","","","","",,,,,"",,,,"DocumentEntry.serviceEndTime",0,1,"",""
"DocumentEntry","DocumentEntry.sourcePatientID","DocumentEntry.sourcePatientID","","","",1,1,"","","","https://interop.esante.gouv.fr/ig/fhir/pdsm4dmp/StructureDefinition/SourcePatientId {[]} {[]}
","Cette métadonnée contient l'identifiant secondaire du patient dans le système d'information du producteur (IPP) ou l'INS, s'il n'y a pas d'identifiant secondaire.","Cette métadonnée contient l'identifiant secondaire du patient dans le système d'information du producteur (IPP) ou l'INS, s'il n'y a pas d'identifiant secondaire.","","","","","","","","","",,,,,"",,,,"DocumentEntry.sourcePatientID",1,1,"",""
"DocumentEntry","DocumentEntry.sourcePatientInfo","DocumentEntry.sourcePatientInfo","","","",1,1,"","","","https://interop.esante.gouv.fr/ig/fhir/pdsm4dmp/StructureDefinition/SourcePatientInfo {[]} {[]}
","Cette métadonnée contient les traits d'identité du patient concerné par le document, connus par le producteur du document.","Cette métadonnée contient les traits d'identité du patient concerné par le document, connus par le producteur du document.","","","","","","","","","",,,,,"",,,,"DocumentEntry.sourcePatientInfo",1,1,"",""
"DocumentEntry","DocumentEntry.URI","DocumentEntry.URI","","","",1,1,"","","","string {[]} {[]}
","Cette métadonnée n'est exploitée que par la transaction XDM 'Distribute document set on media ITI-32'","Cette métadonnée n'est exploitée que par la transaction XDM 'Distribute document set on media ITI-32'","","","","","","","","","",,,,,"",,,,"DocumentEntry.URI",1,1,"",""
"DocumentEntry","DocumentEntry.title","DocumentEntry.title","","","",1,1,"","","","string {[]} {[]}
","Cette métadonnée représente le titre du document.","Cette métadonnée représente le titre du document.","","","","","","","","","",,,,,"",,,,"DocumentEntry.title",1,1,"",""
"DocumentEntry","DocumentEntry.comments","DocumentEntry.comments","","","",0,1,"","","","string {[]} {[]}
","Cette métadonnée contient le commentaire associé au document.","Cette métadonnée contient le commentaire associé au document.","","","","","","","","","",,,,,"",,,,"DocumentEntry.comments",0,1,"",""
"DocumentEntry","DocumentEntry.patientID","DocumentEntry.patientID","","","",1,1,"","","","https://interop.esante.gouv.fr/ig/fhir/pdsm4dmp/StructureDefinition/PatientId {[]} {[]}
","Cette métadonnée représente l’identifiant du patient, en l’occurrence, le matricule INS (NIR ou NIA) du patient.","Cette métadonnée représente l’identifiant du patient, en l’occurrence, le matricule INS (NIR ou NIA) du patient.","","","","","","","","","",,,,,"",,,,"DocumentEntry.patientID",1,1,"",""
"DocumentEntry","DocumentEntry.uniqueId","DocumentEntry.uniqueId","","","",1,1,"","","","Identifier {[]} {[]}
","Identifiant unique affecté au document par son créateur. ","Identifiant unique affecté au document par son créateur.","","","","","","","","","",,,,,"",,,,"DocumentEntry.uniqueId",1,1,"",""
"DocumentEntry","DocumentEntry.class","DocumentEntry.class","","","",1,1,"","","","CodeableConcept {[]} {[]}
","class représente la classe du document (compte rendu, imagerie médicale, traitement, certificat, etc.).","**Class Code**","","","","","","","","","",,"required","","https://mos.esante.gouv.fr/NOS/JDV_J57-ClassCode-DMP/FHIR/JDV-J57-ClassCode-DMP","",,,,"DocumentEntry.class",1,1,"",""
"DocumentEntry","DocumentEntry.confidentiality","DocumentEntry.confidentiality","","","",1,4,"","","","CodeableConcept {[]} {[]}
","Métadonnée contenant les informations définissant le niveau de confidentialité d'un document déposé dans l'entrepôt. Dans le cadre de la mise en œuvre du masquage et de la non-visibilité, ces métadonnées sont utilisées pour rendre inaccessible un document à l'utilisateur","**Confidentiality Code**","","","","","","","","","",,"required","","https://mos.esante.gouv.fr/NOS/JDV_J58-ConfidentialityCode-DMP/FHIR/JDV-J58-ConfidentialityCode-DMP","",,,,"DocumentEntry.confidentiality",1,4,"",""
"DocumentEntry","DocumentEntry.eventCodeList","DocumentEntry.eventCodeList","","","",0,*,"","","","https://interop.esante.gouv.fr/ig/fhir/pdsm4dmp/StructureDefinition/EventCode {[]} {[]}
","Cette métadonnée contient les codes, libellés et codes système représentant :  • un évènement documenté (acte, traitement, diagnostic, etc…), • une modalité d'acquisition (contexte imagerie), • une région anatomique (contexte imagerie). ","Cette métadonnée contient les codes, libellés et codes système représentant :  • un évènement documenté (acte, traitement, diagnostic, etc…), • une modalité d'acquisition (contexte imagerie), • une région anatomique (contexte imagerie).","","","","","","","","","",,,,,"",,,,"DocumentEntry.eventCodeList",0,*,"",""
"DocumentEntry","DocumentEntry.format","DocumentEntry.format","","","",1,1,"","","","CodeableConcept {[]} {[]}
","Métadonnée contenant les informations définissant le format du document.","**Format Code**","","","","","","","","","",,"required","","https://mos.esante.gouv.fr/NOS/JDV_J60-FormatCode-DMP/FHIR/JDV-J60-FormatCode-DMP","",,,,"DocumentEntry.format",1,1,"",""
"DocumentEntry","DocumentEntry.healthcareFacilityTypeCode","DocumentEntry.healthcareFacilityTypeCode","","","",1,1,"","","","CodeableConcept {[]} {[]}
","Secteur d'activité lié à la prise en charge de la personne, en lien avec le document produit. ","Healthcare Facility Type Code**","","","","","","","","","",,"required","","https://mos.esante.gouv.fr/NOS/JDV_J61-HealthcareFacilityTypeCode-DMP/FHIR/JDV-J61-HealthcareFacilityTypeCode-DMP","",,,,"DocumentEntry.healthcareFacilityTypeCode",1,1,"",""
"DocumentEntry","DocumentEntry.practiceSetting","DocumentEntry.practiceSetting","","","",1,1,"","","","CodeableConcept {[]} {[]}
","Contexte de l’acte qui a engendré la création du document. ","**Practice Setting**","","","","","","","","","",,"required","","https://mos.esante.gouv.fr/NOS/JDV_J62-PracticeSettingCode-DMP/FHIR/JDV-J62-PracticeSettingCode-DMP","",,,,"DocumentEntry.practiceSetting",1,1,"",""
"DocumentEntry","DocumentEntry.type","DocumentEntry.type","","","",1,1,"","","","CodeableConcept {[]} {[]}
","Métadonnée représentant le type du document.","**Type Code**","","","","","","","","","",,"required","","https://mos.esante.gouv.fr/NOS/JDV_J66-TypeCode-DMP/FHIR/JDV-J66-TypeCode-DMP","",,,,"DocumentEntry.type",1,1,"",""
"DocumentEntry","DocumentEntry.documentAvailability","DocumentEntry.documentAvailability","","","",0,1,"","","","string {[]} {[]}
","Cette métadonnée représente '’accessibilité du document en indiquant si celui-ci est accessible en ligne ou non","Cette métadonnée représente '’accessibilité du document en indiquant si celui-ci est accessible en ligne ou non","","","","","","","","","",,,,,"",,,,"DocumentEntry.documentAvailability",0,1,"",""
"DocumentEntry","DocumentEntry.homeCommunityId","DocumentEntry.homeCommunityId","","","",0,1,"","","","oid {[]} {[]}
","Cette métadonnée correspond à l'identifiant de la communauté représentée par le système cible, si celui-ci offre les fonctionnalités de communication avec d'autres communautés, présentées dans le profil XCA d'IHE. Elle n'est pas utilisée par les transactions décrites dans ce volet.","Cette métadonnée correspond à l'identifiant de la communauté représentée par le système cible, si celui-ci offre les fonctionnalités de communication avec d'autres communautés, présentées dans le profil XCA d'IHE. Elle n'est pas utilisée par les transactions décrites dans ce volet.","","","","","","","","","",,,,,"",,,,"DocumentEntry.homeCommunityId",0,1,"",""
"DocumentEntry","DocumentEntry.creationTime","DocumentEntry.creationTime","","","",1,1,"","","","dateTime {[]} {[]}
","Cette métadonnée représente la date et l’heure de la création du document.","Cette métadonnée représente la date et l’heure de la création du document.","","","","","","","","","",,,,,"",,,,"DocumentEntry.creationTime",1,1,"",""
"DocumentEntry","DocumentEntry.referenceIdList","DocumentEntry.referenceIdList","","","",0,*,"","","","Base {[]} {[]}
","Cette métadonnée contient une liste d'un ou plusieurs identifiant(s) d'objet(s) associé(s) au document.","Cette métadonnée contient une liste d'un ou plusieurs identifiant(s) d'objet(s) associé(s) au document.","","","","","","","","","",,,,,"",,,,"DocumentEntry.referenceIdList",0,*,"",""
"DocumentEntry","DocumentEntry.referenceIdList.CX1","DocumentEntry.referenceIdList.CX1","","","",1,1,"","","","Extension {[CanonicalType[http://hl7.org/fhir/StructureDefinition/elementdefinition-identifier]]} {[]}
","Identifiant de l'objet référencé","Identifiant de l'objet référencé","","","","","","","","","",,,,,"",,,,"DocumentEntry.referenceIdList.CX1",1,1,"",""
"DocumentEntry","DocumentEntry.referenceIdList.CX4","DocumentEntry.referenceIdList.CX4","","","",1,1,"","","","Extension {[CanonicalType[http://hl7.org/fhir/StructureDefinition/elementdefinition-identifier]]} {[]}
","Identifiant de l’organisme ayant attribué l’identifiant de l'objet référencé","Identifiant de l’organisme ayant attribué l’identifiant de l'objet référencé","","","","","","","","","",,,,,"",,,,"DocumentEntry.referenceIdList.CX4",1,1,"",""
"DocumentEntry","DocumentEntry.referenceIdList.CX5","DocumentEntry.referenceIdList.CX5","","","",1,1,"","","","CodeableConcept {[]} {[]}
","Type d’identifiant","Type d’identifiant","","","","","","","","","",,"required","","https://mos.esante.gouv.fr/NOS/JDV_J231-XdsTypesIdentifiantsReferenceId-DMP/FHIR/JDV-J231-XdsTypesIdentifiantsReferenceId-DMP","",,,,"DocumentEntry.referenceIdList.CX5",1,1,"",""
"DocumentEntry","DocumentEntry.version","DocumentEntry.version","","","",0,1,"","","","integer {[]} {[]}
","Cette métadonnée représente le numéro de version de la fiche d’un document.","Cette métadonnée représente le numéro de version de la fiche d’un document.","","","","","","","","","",,,,,"",,,,"DocumentEntry.version",0,1,"",""
"EventCode","EventCode","EventCode","","","",0,*,"","","","null {[]} {[]}
","EventCode (LM)","Model logique d'un eventCode.
Un EventCode peut contenir le code représentant : 
-  un évènement documenté (acte, traitement, diagnostic, etc…),  
-  une modalité d’acquisition, 
-  une région anatomique. ","","","","","","","","","",,,,,"",,,,"Base",0,*,"",""
"EventCode","EventCode.eventCode","EventCode.eventCode","","","",1,1,"","","","CodeableConcept {[]} {[]}
","Cet attribut peut contenir le code représentant : • un évènement documenté (acte, traitement, diagnostic, etc…),  • une modalité d'acquisition, • une région anatomique. ","Cet attribut peut contenir le code représentant : • un évènement documenté (acte, traitement, diagnostic, etc…),  • une modalité d'acquisition, • une région anatomique.","","","","","","","","","",,,,,"",,,,"EventCode.eventCode",1,1,"",""
"LegalAuthenticator","LegalAuthenticator","LegalAuthenticator","","","",0,*,"","","","null {[]} {[]}
","LegalAuthenticator (LM)","Cette métadonnée représente l’acteur prenant la responsabilité du contenu médical du document : 
-  soit le professionnel qui prend la responsabilité du document (CDA ou DICOM KOS) produit par un professionnel (lui-même ou un autre) ou par un système rattaché à une structure (ES, …). 
-  soit le patient/usager responsable du document d'expression personnelle • soit un système : exceptionnellement et uniquement pour le cas ci-dessous : 
  - système via un SNR responsable du document produit via ce SNR. ","","","","","","","","","",,,,,"",,,,"Base",0,*,"",""
"LegalAuthenticator","LegalAuthenticator.1","LegalAuthenticator.1","","","",1,1,"","","","Extension {[CanonicalType[http://hl7.org/fhir/StructureDefinition/elementdefinition-identifier]]} {[]}
","Identifiant (PS_IdNat)","Identifiant (PS_IdNat)","","","","","","","","","",,,,,"",,,,"LegalAuthenticator.1",1,1,"",""
"LegalAuthenticator","LegalAuthenticator.2","LegalAuthenticator.2","","","",1,1,"","","","string {[]} {[]}
","Nom d'exercice du professionnel, nom du patient, nom du système.","Nom d'exercice du professionnel, nom du patient, nom du système.","","","","","","","","","",,,,,"",,,,"LegalAuthenticator.2",1,1,"",""
"LegalAuthenticator","LegalAuthenticator.3","LegalAuthenticator.3","","","",1,1,"","","","string {[]} {[]}
","Prénom usuel de la personne (par défaut le premier prénom), nom du modèle pour les dispositifs ou dénomination pour les autres systèmes.","Prénom usuel de la personne (par défaut le premier prénom), nom du modèle pour les dispositifs ou dénomination pour les autres systèmes.","","","","","","","","","",,,,,"",,,,"LegalAuthenticator.3",1,1,"",""
"LegalAuthenticator","LegalAuthenticator.9","LegalAuthenticator.9","","","",1,1,"","","","string {[]} {[]}
"," Autorité d’affectation "," Autorité d’affectation","","","","","","","","","",,,,,"",,,,"LegalAuthenticator.9",1,1,"",""
"LegalAuthenticator","LegalAuthenticator.10","LegalAuthenticator.10","","","",1,1,"","","","string {[]} {[]}
","Type de nom : Valeur en fonction de l’auteur : • D, pour les personnes physiques, • U, pour les systèmes.","Type de nom : Valeur en fonction de l’auteur : • D, pour les personnes physiques, • U, pour les systèmes.","","","","","","","","","",,,,,"",,,,"LegalAuthenticator.10",1,1,"",""
"LegalAuthenticator","LegalAuthenticator.13","LegalAuthenticator.13","","","",1,1,"","","","string {[]} {[]}
","Type d’identifiant","Type d’identifiant","","","","","","","","","",,,,,"",,,,"LegalAuthenticator.13",1,1,"",""
"PatientId","PatientId","PatientId","","","",0,*,"","","","null {[]} {[]}
","PatientId (LM)","Modèle logique de patientID.
PatientID représente l’identifiant du patient, en l’occurrence, le matricule INS (NIR ou NIA) du patient. ","","","","","","","","","",,,,,"",,,,"Base",0,*,"",""
"PatientId","PatientId.1","PatientId.1","","","",1,1,"","","","Identifier {[]} {[]}
","Identifiant du patient, en l’occurrence, le matricule INS du patient tel que défini dans le cadre juridique","Identifiant du patient, en l’occurrence, le matricule INS du patient tel que défini dans le cadre juridique","","","","","","","","","",,,,,"",,,,"PatientId.1",1,1,"",""
"PatientId","PatientId.4","PatientId.4","","","",1,1,"","","","string {[]} {[]}
","Identifiant de l’autorité d’affectation de l’INS utilisé.","Identifiant de l’autorité d’affectation de l’INS utilisé.","","","","","","","","","",,,,,"",,,,"PatientId.4",1,1,"",""
"PatientId","PatientId.5","PatientId.5","","","",1,1,"","","","string {[]} {[]}
"," 'NH' pour un maticule INS tel que défini dans le cadre juridique"," 'NH' pour un maticule INS tel que défini dans le cadre juridique","","","","","","","","","",,,,,"",,,,"PatientId.5",1,1,"",""
"SourcePatientId","SourcePatientId","SourcePatientId","","","",0,*,"","","","null {[]} {[]}
"," SourcePatientId (LM)","Cette métadonnée contient l’identifiant secondaire du patient dans le système d’information du producteur (IPP) ou l’INS, s’il n’y a pas d’identifiant secondaire. Pour les documents d’expression personnelle du patient, cette métadonnée contient l’INS du patient, à savoir le même identifiant que patientId. ","","","","","","","","","",,,,,"",,,,"Base",0,*,"",""
"SourcePatientId","SourcePatientId.1","SourcePatientId.1","","","",1,1,"","","","Identifier {[]} {[]}
","Identifiant du patient, en l’occurrence, le matricule INS du patient tel que défini dans le cadre juridique","Identifiant du patient, en l’occurrence, le matricule INS du patient tel que défini dans le cadre juridique","","","","","","","","","",,,,,"",,,,"SourcePatientId.1",1,1,"",""
"SourcePatientId","SourcePatientId.4","SourcePatientId.4","","","",1,1,"","","","string {[]} {[]}
","Identifiant de l’autorité d’affectation de l’INS utilisé.","Identifiant de l’autorité d’affectation de l’INS utilisé.","","","","","","","","","",,,,,"",,,,"SourcePatientId.4",1,1,"",""
"SourcePatientId","SourcePatientId.5","SourcePatientId.5","","","",1,1,"","","","string {[]} {[]}
"," 'NH' pour un maticule INS tel que défini dans le cadre juridique"," 'NH' pour un maticule INS tel que défini dans le cadre juridique","","","","","","","","","",,,,,"",,,,"SourcePatientId.5",1,1,"",""
"SourcePatientInfo","SourcePatientInfo","SourcePatientInfo","","","",0,*,"","","","null {[]} {[]}
"," SourcePatientInfo (LM)","Cette métadonnée contient les traits d’identité du patient concerné par le document, connus par le producteur du document. Les informations présentes dans la métadonnée sourcePatientInfo ne doivent en aucun cas être réutilisées pour calculer un identifiant, ni être mises à jour après la soumission du document. 
","","","","","","","","","",,,,,"",,,,"Base",0,*,"",""
"SourcePatientInfo","SourcePatientInfo.PID","SourcePatientInfo.PID","","","",1,1,"","","","Base {[]} {[]}
","type PID","type PID","","","","","","","","","",,,,,"",,,,"SourcePatientInfo.PID",1,1,"",""
"SourcePatientInfo","SourcePatientInfo.PID.3","SourcePatientInfo.PID.3","","","",0,1,"","","","Identifier {[]} {[]}
","Liste des identifiants du patient","Liste des identifiants du patient","","","","","","","","","",,,,,"",,,,"SourcePatientInfo.PID.3",0,1,"",""
"SourcePatientInfo","SourcePatientInfo.PID.5","SourcePatientInfo.PID.5","","","",1,*,"","","","string {[]} {[]}
","Nom et prénoms du patient","Nom et prénoms du patient","","","","","","","","","",,,,,"",,,,"SourcePatientInfo.PID.5",1,*,"",""
"SourcePatientInfo","SourcePatientInfo.PID.7","SourcePatientInfo.PID.7","","","",0,1,"","","","string {[]} {[]}
","Date/heure de naissance du patient","Date/heure de naissance du patient","","","","","","","","","",,,,,"",,,,"SourcePatientInfo.PID.7",0,1,"",""
"SourcePatientInfo","SourcePatientInfo.PID.8","SourcePatientInfo.PID.8","","","",0,1,"","","","string {[]} {[]}
","Sexe du patient","Sexe du patient","","","","","","","","","",,,,,"",,,,"SourcePatientInfo.PID.8",0,1,"",""
"SourcePatientInfo","SourcePatientInfo.PID.11","SourcePatientInfo.PID.11","","","",0,1,"","","","string {[]} {[]}
","Adresse du patient","Adresse du patient","","","","","","","","","",,,,,"",,,,"SourcePatientInfo.PID.11",0,1,"",""
"SourcePatientInfo","SourcePatientInfo.PID.13","SourcePatientInfo.PID.13","","","",0,1,"","","","string {[]} {[]}
","Téléphone de la résidence du patient","Téléphone de la résidence du patient","","","","","","","","","",,,,,"",,,,"SourcePatientInfo.PID.13",0,1,"",""
"SourcePatientInfo","SourcePatientInfo.PID.14","SourcePatientInfo.PID.14","","","",0,1,"","","","string {[]} {[]}
","Téléphone professionnel du patient","Téléphone professionnel du patient","","","","","","","","","",,,,,"",,,,"SourcePatientInfo.PID.14",0,1,"",""
"SourcePatientInfo","SourcePatientInfo.PID.15","SourcePatientInfo.PID.15","","","",0,1,"","","","string {[]} {[]}
","Langue du patient","Langue du patient","","","","","","","","","",,,,,"",,,,"SourcePatientInfo.PID.15",0,1,"",""
"SourcePatientInfo","SourcePatientInfo.PID.16","SourcePatientInfo.PID.16","","","",0,1,"","","","string {[]} {[]}
","Statut marital du patient","Statut marital du patient","","","","","","","","","",,,,,"",,,,"SourcePatientInfo.PID.16",0,1,"",""
"SourcePatientInfo","SourcePatientInfo.PID.18","SourcePatientInfo.PID.18","","","",0,1,"","","","string {[]} {[]}
","Numéro de compte du patient","Numéro de compte du patient","","","","","","","","","",,,,,"",,,,"SourcePatientInfo.PID.18",0,1,"",""
"SourcePatientInfo","SourcePatientInfo.PID.21","SourcePatientInfo.PID.21","","","",0,1,"","","","string {[]} {[]}
","Identifiant de la mère du patient","Identifiant de la mère du patient","","","","","","","","","",,,,,"",,,,"SourcePatientInfo.PID.21",0,1,"",""
"SubmissionSet","SubmissionSet","SubmissionSet","","","",0,*,"","","","null {[]} {[]}
","SubmissionSet (LM)","Model logique d'un lot de soummission.
","","","","","","","","","",,,,,"",,,,"Base",0,*,"",""
"SubmissionSet","SubmissionSet.entryUUID","SubmissionSet.entryUUID","","","",1,1,"","","","uuid {[]} {[]}
","Identifiant unique du lot de soumission. Cet attribut est destiné à des fins de gestion interne alors que uniqueId est utilisé à des fins de référence externe.","Identifiant unique du lot de soumission. Cet attribut est destiné à des fins de gestion interne alors que uniqueId est utilisé à des fins de référence externe.","","","","","","","","","",,,,,"",,,,"SubmissionSet.entryUUID",1,1,"",""
"SubmissionSet","SubmissionSet.availabilityStatus","SubmissionSet.availabilityStatus","","","",1,1,"","","","CodeableConcept {[]} {[]}
","Cette métadonnée représente la pertinence d'un lot de soumission. ","Cette métadonnée représente la pertinence d'un lot de soumission.","","","","","","","<valueString xmlns=""http://hl7.org/fhir"" value=""'urn:oasis:names:tc:ebxml-regrep:StatusType:Approved': version à jour du lot de soumission. 'urn:asip:ci-sis:2010:StatusType:Archived': version archivée du lot de soumission, dans le cas où toutes les fiches du lot ont leur métadonnée availabilityStatus prenant la valeur  'urn:asip:ci-sis:2010:StatusType:Archived'. ""/>","","",,"required","","https://mos.esante.gouv.fr/NOS/JDV_J52-AvailabilityStatus-CISIS/FHIR/JDV-J52-AvailabilityStatus-CISIS","",,,,"SubmissionSet.availabilityStatus",1,1,"",""
"SubmissionSet","SubmissionSet.submissionTime","SubmissionSet.submissionTime","","","",1,1,"","","","dateTime {[]} {[]}
","Représente la date et heure de soumission.","Représente la date et heure de soumission.","","","","","","","","","",,,,,"",,,,"SubmissionSet.submissionTime",1,1,"",""
"SubmissionSet","SubmissionSet.title","SubmissionSet.title","","","",0,1,"","","","string {[]} {[]}
","Titre du lot de soumission ","Titre du lot de soumission","","","","","","","","","",,,,,"",,,,"SubmissionSet.title",0,1,"",""
"SubmissionSet","SubmissionSet.comments","SubmissionSet.comments","","","",0,1,"","","","string {[]} {[]}
","Cette métadonnée contient le commentaire associé au lot de soumission. ","Cette métadonnée contient le commentaire associé au lot de soumission.","","","","","","","","","",,,,,"",,,,"SubmissionSet.comments",0,1,"",""
"SubmissionSet","SubmissionSet.patientID","SubmissionSet.patientID","","","",1,1,"","","","https://interop.esante.gouv.fr/ig/fhir/pdsm4dmp/StructureDefinition/PatientId {[]} {[]}
","Cette métadonnée représente l’identifiant du patient, en l’occurrence, le matricule INS (NIR ou NIA) du patient tel que défini dans le cadre juridique.","Cette métadonnée représente l’identifiant du patient, en l’occurrence, le matricule INS (NIR ou NIA) du patient tel que défini dans le cadre juridique.","","","","","","","","","",,,,,"",,,,"SubmissionSet.patientID",1,1,"",""
"SubmissionSet","SubmissionSet.sourceID","SubmissionSet.sourceID","","","",1,1,"","","","oid {[]} {[]}
","Cette métadonnée représente l’identifiant unique global du système émetteur du lot de soumission","Cette métadonnée représente l’identifiant unique global du système émetteur du lot de soumission","","","","","","","","","",,,,,"",,,,"SubmissionSet.sourceID",1,1,"",""
"SubmissionSet","SubmissionSet.uniqueID","SubmissionSet.uniqueID","","","",1,1,"","","","oid {[]} {[]}
","Identifiant unique global affecté à ce lot de soumission par son créateur. Cet attribut est utilisé à des fins de référence externe alors que entryUUID est destiné à des fins de gestion interne.","Identifiant unique global affecté à ce lot de soumission par son créateur. Cet attribut est utilisé à des fins de référence externe alors que entryUUID est destiné à des fins de gestion interne.","","","","","","","","","",,,,,"",,,,"SubmissionSet.uniqueID",1,1,"",""
"SubmissionSet","SubmissionSet.contentTypeCode","SubmissionSet.contentTypeCode","","","",1,1,"","","","CodeableConcept {[]} {[]}
","Ensemble de métadonnées représentant le type d’activité associé à l’événement clinique ayant abouti à la constitution du lot de soumission. ","**Submission Set**","","","","","","","","","",,"required","","https://mos.esante.gouv.fr/NOS/JDV_J59-ContentTypeCode-DMP/FHIR/JDV-J59-ContentTypeCode-DMP","",,,,"SubmissionSet.contentTypeCode",1,1,"",""
"SubmissionSet","SubmissionSet.author","SubmissionSet.author","","","",1,1,"","","","https://interop.esante.gouv.fr/ig/fhir/pdsm4dmp/StructureDefinition/Author {[]} {[]}
","Représente la personne physique ou morale et/ou le dispositif auteur d’un lot de soumission","Représente la personne physique ou morale et/ou le dispositif auteur d’un lot de soumission","","","","","","","","","",,,,,"",,,,"SubmissionSet.author",1,1,"",""
"SubmissionSet","SubmissionSet.homeCommunityID","SubmissionSet.homeCommunityID","","","",0,1,"","","","oid {[]} {[]}
","Cette métadonnée correspond à l’identifiant de la communauté représentée par le système cible si celui-ci offre des fonctionnalités de communication avec d’autres communautés telles que présentées dans le profil XCA d’IHE. Elle n’est pas utilisée par les transactions décrites dans ce volet.","Cette métadonnée correspond à l’identifiant de la communauté représentée par le système cible si celui-ci offre des fonctionnalités de communication avec d’autres communautés telles que présentées dans le profil XCA d’IHE. Elle n’est pas utilisée par les transactions décrites dans ce volet.","","","","","","","","","",,,,,"",,,,"SubmissionSet.homeCommunityID",0,1,"",""
"SubmissionSet","SubmissionSet.intendedRecipient","SubmissionSet.intendedRecipient","","","",0,*,"","","","string {[]} {[]}
","Cette métadonnée représente les destinataires (structure ou professionnel) auxquels lot de soumission est destiné. Elle n’est pas utilisée par les transactions décrites dans ce volet.","Cette métadonnée représente les destinataires (structure ou professionnel) auxquels lot de soumission est destiné. Elle n’est pas utilisée par les transactions décrites dans ce volet.","","","","","","","","","",,,,,"",,,,"SubmissionSet.intendedRecipient",0,*,"",""
