<?xml version="1.0" encoding="UTF-8"?><ImplementationGuide xmlns="http://hl7.org/fhir"><id value="ans.fhir.fr.pdsm4dmp"/><text><status value="generated"/><div xmlns="http://www.w3.org/1999/xhtml"><p class="res-header-id"><b>Generated Narrative: ImplementationGuide ans.fhir.fr.pdsm4dmp</b></p><a name="ans.fhir.fr.pdsm4dmp"> </a><a name="hcans.fhir.fr.pdsm4dmp"> </a><a name="ans.fhir.fr.pdsm4dmp-fr-FR"> </a><h2>PDSm4DMP</h2><p>LURL officielle pour ce guide dimplémentation est : </p><pre>https://interop.esante.gouv.fr/ig/fhir/pdsm4dmp/ImplementationGuide/ans.fhir.fr.pdsm4dmp</pre></div></text><url value="https://interop.esante.gouv.fr/ig/fhir/pdsm4dmp/ImplementationGuide/ans.fhir.fr.pdsm4dmp"/><version value="0.1.0"/><name value="PDSm4DMP"/><title value="Utilisation de PDSm pour le DMP dans le contexte d'EEDS"/><status value="draft"/><date value="2025-05-03T14:02:53+00:00"/><publisher value="Agence du Numérique en Santé (ANS) - 2-10 Rue d'Oradour-sur-Glane, 75015 Paris"/><contact><name value="Agence du Numérique en Santé (ANS) - 2-10 Rue d'Oradour-sur-Glane, 75015 Paris"/><telecom><system value="url"/><value value="https://esante.gouv.fr"/></telecom></contact><jurisdiction><coding><system value="urn:iso:std:iso:3166"/><code value="FR"/><display value="FRANCE"/></coding></jurisdiction><packageId value="ans.fhir.fr.pdsm4dmp"/><license value="CC0-1.0"/><fhirVersion value="4.0.1"/><dependsOn id="hl7tx"><extension url="http://hl7.org/fhir/tools/StructureDefinition/implementationguide-dependency-comment"><valueMarkdown value="Automatically added as a dependency - all IGs depend on HL7 Terminology"/></extension><uri value="http://terminology.hl7.org/ImplementationGuide/hl7.terminology"/><packageId value="hl7.terminology.r4"/><version value="6.3.0"/></dependsOn><dependsOn id="hl7ext"><extension url="http://hl7.org/fhir/tools/StructureDefinition/implementationguide-dependency-comment"><valueMarkdown value="Automatically added as a dependency - all IGs depend on the HL7 Extension Pack"/></extension><uri value="http://hl7.org/fhir/extensions/ImplementationGuide/hl7.fhir.uv.extensions"/><packageId value="hl7.fhir.uv.extensions.r4"/><version value="5.2.0"/></dependsOn><dependsOn id="ans_fr_terminologies"><uri value="https://interop.esante.gouv.fr/terminologies/ImplementationGuide/ans.fr.terminologies"/><packageId value="ans.fr.terminologies"/><version value="0.1.0-ballot"/></dependsOn><dependsOn id="ans_fhir_fr_pdsm"><uri value="https://interop.esante.gouv.fr/ig/fhir/pdsm/ImplementationGuide/ans.fhir.fr.pdsm"/><packageId value="ans.fhir.fr.pdsm"/><version value="3.1.0"/></dependsOn><dependsOn id="hl7_fhir_fr_core"><uri value="https://hl7.fr/ig/fhir/core/ImplementationGuide/hl7.fhir.fr.core"/><packageId value="hl7.fhir.fr.core"/><version value="2.1.0"/></dependsOn><definition><extension url="http://hl7.org/fhir/tools/StructureDefinition/ig-parameter"><extension url="code"><valueString value="copyrightyear"/></extension><extension url="value"><valueString value="2020+"/></extension></extension><extension url="http://hl7.org/fhir/tools/StructureDefinition/ig-parameter"><extension url="code"><valueString value="releaselabel"/></extension><extension url="value"><valueString value="ci-build"/></extension></extension><extension url="http://hl7.org/fhir/tools/StructureDefinition/ig-parameter"><extension url="code"><valueString value="shownav"/></extension><extension url="value"><valueString value="true"/></extension></extension><extension url="http://hl7.org/fhir/tools/StructureDefinition/ig-parameter"><extension url="code"><valueString value="autoload-resources"/></extension><extension url="value"><valueString value="true"/></extension></extension><extension url="http://hl7.org/fhir/tools/StructureDefinition/ig-parameter"><extension url="code"><valueString value="path-liquid"/></extension><extension url="value"><valueString value="template/liquid"/></extension></extension><extension url="http://hl7.org/fhir/tools/StructureDefinition/ig-parameter"><extension url="code"><valueString value="path-liquid"/></extension><extension url="value"><valueString value="input/liquid"/></extension></extension><extension url="http://hl7.org/fhir/tools/StructureDefinition/ig-parameter"><extension url="code"><valueString value="path-qa"/></extension><extension url="value"><valueString value="temp/qa"/></extension></extension><extension url="http://hl7.org/fhir/tools/StructureDefinition/ig-parameter"><extension url="code"><valueString value="path-temp"/></extension><extension url="value"><valueString value="temp/pages"/></extension></extension><extension url="http://hl7.org/fhir/tools/StructureDefinition/ig-parameter"><extension url="code"><valueString value="path-output"/></extension><extension url="value"><valueString value="output"/></extension></extension><extension url="http://hl7.org/fhir/tools/StructureDefinition/ig-parameter"><extension url="code"><valueString value="path-suppressed-warnings"/></extension><extension url="value"><valueString value="input/ignoreWarnings.txt"/></extension></extension><extension url="http://hl7.org/fhir/tools/StructureDefinition/ig-parameter"><extension url="code"><valueString value="path-history"/></extension><extension url="value"><valueString value="https://interop.esante.gouv.fr/ig/fhir/pdsm4dmp/history.html"/></extension></extension><extension url="http://hl7.org/fhir/tools/StructureDefinition/ig-parameter"><extension url="code"><valueString value="template-html"/></extension><extension url="value"><valueString value="template-page.html"/></extension></extension><extension url="http://hl7.org/fhir/tools/StructureDefinition/ig-parameter"><extension url="code"><valueString value="template-md"/></extension><extension url="value"><valueString value="template-page-md.html"/></extension></extension><extension url="http://hl7.org/fhir/tools/StructureDefinition/ig-parameter"><extension url="code"><valueString value="apply-contact"/></extension><extension url="value"><valueString value="true"/></extension></extension><extension url="http://hl7.org/fhir/tools/StructureDefinition/ig-parameter"><extension url="code"><valueString value="apply-context"/></extension><extension url="value"><valueString value="true"/></extension></extension><extension url="http://hl7.org/fhir/tools/StructureDefinition/ig-parameter"><extension url="code"><valueString value="apply-copyright"/></extension><extension url="value"><valueString value="true"/></extension></extension><extension url="http://hl7.org/fhir/tools/StructureDefinition/ig-parameter"><extension url="code"><valueString value="apply-jurisdiction"/></extension><extension url="value"><valueString value="true"/></extension></extension><extension url="http://hl7.org/fhir/tools/StructureDefinition/ig-parameter"><extension url="code"><valueString value="apply-license"/></extension><extension url="value"><valueString value="true"/></extension></extension><extension url="http://hl7.org/fhir/tools/StructureDefinition/ig-parameter"><extension url="code"><valueString value="apply-publisher"/></extension><extension url="value"><valueString value="true"/></extension></extension><extension url="http://hl7.org/fhir/tools/StructureDefinition/ig-parameter"><extension url="code"><valueString value="apply-version"/></extension><extension url="value"><valueString value="true"/></extension></extension><extension url="http://hl7.org/fhir/tools/StructureDefinition/ig-parameter"><extension url="code"><valueString value="apply-wg"/></extension><extension url="value"><valueString value="true"/></extension></extension><extension url="http://hl7.org/fhir/tools/StructureDefinition/ig-parameter"><extension url="code"><valueString value="active-tables"/></extension><extension url="value"><valueString value="true"/></extension></extension><extension url="http://hl7.org/fhir/tools/StructureDefinition/ig-parameter"><extension url="code"><valueString value="fmm-definition"/></extension><extension url="value"><valueString value="http://hl7.org/fhir/versions.html#maturity"/></extension></extension><extension url="http://hl7.org/fhir/tools/StructureDefinition/ig-parameter"><extension url="code"><valueString value="propagate-status"/></extension><extension url="value"><valueString value="true"/></extension></extension><extension url="http://hl7.org/fhir/tools/StructureDefinition/ig-parameter"><extension url="code"><valueString value="excludelogbinaryformat"/></extension><extension url="value"><valueString value="true"/></extension></extension><extension url="http://hl7.org/fhir/tools/StructureDefinition/ig-parameter"><extension url="code"><valueString value="tabbed-snapshots"/></extension><extension url="value"><valueString value="true"/></extension></extension><extension url="http://hl7.org/fhir/tools/StructureDefinition/ig-internal-dependency"><valueCode value="hl7.fhir.uv.tools.r4#0.5.0"/></extension><extension url="http://hl7.org/fhir/tools/StructureDefinition/ig-parameter"><extension url="code"><valueCode value="copyrightyear"/></extension><extension url="value"><valueString value="2020+"/></extension></extension><extension url="http://hl7.org/fhir/tools/StructureDefinition/ig-parameter"><extension url="code"><valueCode value="releaselabel"/></extension><extension url="value"><valueString value="ci-build"/></extension></extension><extension url="http://hl7.org/fhir/tools/StructureDefinition/ig-parameter"><extension url="code"><valueCode value="shownav"/></extension><extension url="value"><valueString value="true"/></extension></extension><extension url="http://hl7.org/fhir/tools/StructureDefinition/ig-parameter"><extension url="code"><valueCode value="autoload-resources"/></extension><extension url="value"><valueString value="true"/></extension></extension><extension url="http://hl7.org/fhir/tools/StructureDefinition/ig-parameter"><extension url="code"><valueCode value="path-liquid"/></extension><extension url="value"><valueString value="template/liquid"/></extension></extension><extension url="http://hl7.org/fhir/tools/StructureDefinition/ig-parameter"><extension url="code"><valueCode value="path-liquid"/></extension><extension url="value"><valueString value="input/liquid"/></extension></extension><extension url="http://hl7.org/fhir/tools/StructureDefinition/ig-parameter"><extension url="code"><valueCode value="path-qa"/></extension><extension url="value"><valueString value="temp/qa"/></extension></extension><extension url="http://hl7.org/fhir/tools/StructureDefinition/ig-parameter"><extension url="code"><valueCode value="path-temp"/></extension><extension url="value"><valueString value="temp/pages"/></extension></extension><extension url="http://hl7.org/fhir/tools/StructureDefinition/ig-parameter"><extension url="code"><valueCode value="path-output"/></extension><extension url="value"><valueString value="output"/></extension></extension><extension url="http://hl7.org/fhir/tools/StructureDefinition/ig-parameter"><extension url="code"><valueCode value="path-suppressed-warnings"/></extension><extension url="value"><valueString value="input/ignoreWarnings.txt"/></extension></extension><extension url="http://hl7.org/fhir/tools/StructureDefinition/ig-parameter"><extension url="code"><valueCode value="path-history"/></extension><extension url="value"><valueString value="https://interop.esante.gouv.fr/ig/fhir/pdsm4dmp/history.html"/></extension></extension><extension url="http://hl7.org/fhir/tools/StructureDefinition/ig-parameter"><extension url="code"><valueCode value="template-html"/></extension><extension url="value"><valueString value="template-page.html"/></extension></extension><extension url="http://hl7.org/fhir/tools/StructureDefinition/ig-parameter"><extension url="code"><valueCode value="template-md"/></extension><extension url="value"><valueString value="template-page-md.html"/></extension></extension><extension url="http://hl7.org/fhir/tools/StructureDefinition/ig-parameter"><extension url="code"><valueCode value="apply-contact"/></extension><extension url="value"><valueString value="true"/></extension></extension><extension url="http://hl7.org/fhir/tools/StructureDefinition/ig-parameter"><extension url="code"><valueCode value="apply-context"/></extension><extension url="value"><valueString value="true"/></extension></extension><extension url="http://hl7.org/fhir/tools/StructureDefinition/ig-parameter"><extension url="code"><valueCode value="apply-copyright"/></extension><extension url="value"><valueString value="true"/></extension></extension><extension url="http://hl7.org/fhir/tools/StructureDefinition/ig-parameter"><extension url="code"><valueCode value="apply-jurisdiction"/></extension><extension url="value"><valueString value="true"/></extension></extension><extension url="http://hl7.org/fhir/tools/StructureDefinition/ig-parameter"><extension url="code"><valueCode value="apply-license"/></extension><extension url="value"><valueString value="true"/></extension></extension><extension url="http://hl7.org/fhir/tools/StructureDefinition/ig-parameter"><extension url="code"><valueCode value="apply-publisher"/></extension><extension url="value"><valueString value="true"/></extension></extension><extension url="http://hl7.org/fhir/tools/StructureDefinition/ig-parameter"><extension url="code"><valueCode value="apply-version"/></extension><extension url="value"><valueString value="true"/></extension></extension><extension url="http://hl7.org/fhir/tools/StructureDefinition/ig-parameter"><extension url="code"><valueCode value="apply-wg"/></extension><extension url="value"><valueString value="true"/></extension></extension><extension url="http://hl7.org/fhir/tools/StructureDefinition/ig-parameter"><extension url="code"><valueCode value="active-tables"/></extension><extension url="value"><valueString value="true"/></extension></extension><extension url="http://hl7.org/fhir/tools/StructureDefinition/ig-parameter"><extension url="code"><valueCode value="fmm-definition"/></extension><extension url="value"><valueString value="http://hl7.org/fhir/versions.html#maturity"/></extension></extension><extension url="http://hl7.org/fhir/tools/StructureDefinition/ig-parameter"><extension url="code"><valueCode value="propagate-status"/></extension><extension url="value"><valueString value="true"/></extension></extension><extension url="http://hl7.org/fhir/tools/StructureDefinition/ig-parameter"><extension url="code"><valueCode value="excludelogbinaryformat"/></extension><extension url="value"><valueString value="true"/></extension></extension><extension url="http://hl7.org/fhir/tools/StructureDefinition/ig-parameter"><extension url="code"><valueCode value="tabbed-snapshots"/></extension><extension url="value"><valueString value="true"/></extension></extension><extension url="http://hl7.org/fhir/tools/StructureDefinition/ig-parameter"><extension url="code"><valueCode value="copyrightyear"/></extension><extension url="value"><valueString value="2020+"/></extension></extension><extension url="http://hl7.org/fhir/tools/StructureDefinition/ig-parameter"><extension url="code"><valueCode value="releaselabel"/></extension><extension url="value"><valueString value="ci-build"/></extension></extension><extension url="http://hl7.org/fhir/tools/StructureDefinition/ig-parameter"><extension url="code"><valueCode value="shownav"/></extension><extension url="value"><valueString value="true"/></extension></extension><extension url="http://hl7.org/fhir/tools/StructureDefinition/ig-parameter"><extension url="code"><valueCode value="autoload-resources"/></extension><extension url="value"><valueString value="true"/></extension></extension><extension url="http://hl7.org/fhir/tools/StructureDefinition/ig-parameter"><extension url="code"><valueCode value="path-liquid"/></extension><extension url="value"><valueString value="template/liquid"/></extension></extension><extension url="http://hl7.org/fhir/tools/StructureDefinition/ig-parameter"><extension url="code"><valueCode value="path-liquid"/></extension><extension url="value"><valueString value="input/liquid"/></extension></extension><extension url="http://hl7.org/fhir/tools/StructureDefinition/ig-parameter"><extension url="code"><valueCode value="path-qa"/></extension><extension url="value"><valueString value="temp/qa"/></extension></extension><extension url="http://hl7.org/fhir/tools/StructureDefinition/ig-parameter"><extension url="code"><valueCode value="path-temp"/></extension><extension url="value"><valueString value="temp/pages"/></extension></extension><extension url="http://hl7.org/fhir/tools/StructureDefinition/ig-parameter"><extension url="code"><valueCode value="path-output"/></extension><extension url="value"><valueString value="output"/></extension></extension><extension url="http://hl7.org/fhir/tools/StructureDefinition/ig-parameter"><extension url="code"><valueCode value="path-suppressed-warnings"/></extension><extension url="value"><valueString value="input/ignoreWarnings.txt"/></extension></extension><extension url="http://hl7.org/fhir/tools/StructureDefinition/ig-parameter"><extension url="code"><valueCode value="path-history"/></extension><extension url="value"><valueString value="https://interop.esante.gouv.fr/ig/fhir/pdsm4dmp/history.html"/></extension></extension><extension url="http://hl7.org/fhir/tools/StructureDefinition/ig-parameter"><extension url="code"><valueCode value="template-html"/></extension><extension url="value"><valueString value="template-page.html"/></extension></extension><extension url="http://hl7.org/fhir/tools/StructureDefinition/ig-parameter"><extension url="code"><valueCode value="template-md"/></extension><extension url="value"><valueString value="template-page-md.html"/></extension></extension><extension url="http://hl7.org/fhir/tools/StructureDefinition/ig-parameter"><extension url="code"><valueCode value="apply-contact"/></extension><extension url="value"><valueString value="true"/></extension></extension><extension url="http://hl7.org/fhir/tools/StructureDefinition/ig-parameter"><extension url="code"><valueCode value="apply-context"/></extension><extension url="value"><valueString value="true"/></extension></extension><extension url="http://hl7.org/fhir/tools/StructureDefinition/ig-parameter"><extension url="code"><valueCode value="apply-copyright"/></extension><extension url="value"><valueString value="true"/></extension></extension><extension url="http://hl7.org/fhir/tools/StructureDefinition/ig-parameter"><extension url="code"><valueCode value="apply-jurisdiction"/></extension><extension url="value"><valueString value="true"/></extension></extension><extension url="http://hl7.org/fhir/tools/StructureDefinition/ig-parameter"><extension url="code"><valueCode value="apply-license"/></extension><extension url="value"><valueString value="true"/></extension></extension><extension url="http://hl7.org/fhir/tools/StructureDefinition/ig-parameter"><extension url="code"><valueCode value="apply-publisher"/></extension><extension url="value"><valueString value="true"/></extension></extension><extension url="http://hl7.org/fhir/tools/StructureDefinition/ig-parameter"><extension url="code"><valueCode value="apply-version"/></extension><extension url="value"><valueString value="true"/></extension></extension><extension url="http://hl7.org/fhir/tools/StructureDefinition/ig-parameter"><extension url="code"><valueCode value="apply-wg"/></extension><extension url="value"><valueString value="true"/></extension></extension><extension url="http://hl7.org/fhir/tools/StructureDefinition/ig-parameter"><extension url="code"><valueCode value="active-tables"/></extension><extension url="value"><valueString value="true"/></extension></extension><extension url="http://hl7.org/fhir/tools/StructureDefinition/ig-parameter"><extension url="code"><valueCode value="fmm-definition"/></extension><extension url="value"><valueString value="http://hl7.org/fhir/versions.html#maturity"/></extension></extension><extension url="http://hl7.org/fhir/tools/StructureDefinition/ig-parameter"><extension url="code"><valueCode value="propagate-status"/></extension><extension url="value"><valueString value="true"/></extension></extension><extension url="http://hl7.org/fhir/tools/StructureDefinition/ig-parameter"><extension url="code"><valueCode value="excludelogbinaryformat"/></extension><extension url="value"><valueString value="true"/></extension></extension><extension url="http://hl7.org/fhir/tools/StructureDefinition/ig-parameter"><extension url="code"><valueCode value="tabbed-snapshots"/></extension><extension url="value"><valueString value="true"/></extension></extension><grouping id="LogicalModel"><name value="Model Logique SubmissionSet et  DocumentEntry (XDS)"/><description value="Model Logique  SubmissionSet et  DocumentEntry XDS"/></grouping><grouping id="LogicalModelPatient"><name value="Model Logique Patient (XDS)"/><description value="Model Logique Patient XDS"/></grouping><grouping id="LogicalModelAuthor"><name value="Model Logique Author et LegalAuthenticator (XDS)"/><description value="Model Logique Author et LegalAuthenticator XDS"/></grouping><grouping id="DataType"><name value="Data Type"/><description value="Type de base du Model Logique"/></grouping><grouping id="mapping"><name value="Mapping Volet partage vers PDSM"/><description value="Mapping du &quot;Volet Partage de Documents de Santé&quot;   vers &quot;Partage de Documents de Santé en mobilité (PDSm)&quot;&quot;"/></grouping><grouping id="exemple"><name value="Liste d'exemples"/><description value="Liste des exemples"/></grouping><resource><extension url="http://hl7.org/fhir/tools/StructureDefinition/resource-sort"><valueInteger value="999999999"/></extension><extension url="http://hl7.org/fhir/StructureDefinition/implementationguide-page"><valueUri value="StructureDefinition-SubmissionSet.html"/></extension><reference><reference value="StructureDefinition/SubmissionSet"/></reference><name value="SubmissionSet (LM)"/><description value="Model logique d'un lot de soummission."/><exampleBoolean value="false"/><groupingId value="LogicalModel"/></resource><resource><extension url="http://hl7.org/fhir/tools/StructureDefinition/resource-sort"><valueInteger value="999999999"/></extension><extension url="http://hl7.org/fhir/StructureDefinition/implementationguide-page"><valueUri value="StructureDefinition-DocumentEntry.html"/></extension><reference><reference value="StructureDefinition/DocumentEntry"/></reference><name value="Document Entry (LM)"/><description value="Model logique  d’une fiche"/><exampleBoolean value="false"/><groupingId value="LogicalModel"/></resource><resource><extension url="http://hl7.org/fhir/tools/StructureDefinition/resource-sort"><valueInteger value="999999999"/></extension><extension url="http://hl7.org/fhir/StructureDefinition/implementationguide-page"><valueUri value="StructureDefinition-EventCode.html"/></extension><reference><reference value="StructureDefinition/EventCode"/></reference><name value="EventCode (LM)"/><description value="Model logique d'un eventCode.&#xA;Un EventCode peut contenir le code représentant : &#xA;-  un évènement documenté (acte, traitement, diagnostic, etc…),  &#xA;-  une modalité d’acquisition, &#xA;-  une région anatomique."/><exampleBoolean value="false"/><groupingId value="LogicalModel"/></resource><resource><extension url="http://hl7.org/fhir/tools/StructureDefinition/resource-sort"><valueInteger value="999999999"/></extension><extension url="http://hl7.org/fhir/StructureDefinition/implementationguide-page"><valueUri value="StructureDefinition-PatientId.html"/></extension><reference><reference value="StructureDefinition/PatientId"/></reference><name value="PatientId (LM)"/><description value="Modèle logique de patientID.&#xA;PatientID représente l’identifiant du patient, en l’occurrence, le matricule INS (NIR ou NIA) du patient."/><exampleBoolean value="false"/><groupingId value="LogicalModelPatient"/></resource><resource><extension url="http://hl7.org/fhir/tools/StructureDefinition/resource-sort"><valueInteger value="999999999"/></extension><extension url="http://hl7.org/fhir/StructureDefinition/implementationguide-page"><valueUri value="StructureDefinition-SourcePatientId.html"/></extension><reference><reference value="StructureDefinition/SourcePatientId"/></reference><name value=" SourcePatientId (LM)"/><description value="Cette métadonnée contient l’identifiant secondaire du patient dans le système d’information du producteur (IPP) ou l’INS, s’il n’y a pas d’identifiant secondaire. Pour les documents d’expression personnelle du patient, cette métadonnée contient l’INS du patient, à savoir le même identifiant que patientId."/><exampleBoolean value="false"/><groupingId value="LogicalModelPatient"/></resource><resource><extension url="http://hl7.org/fhir/tools/StructureDefinition/resource-sort"><valueInteger value="999999999"/></extension><extension url="http://hl7.org/fhir/StructureDefinition/implementationguide-page"><valueUri value="StructureDefinition-SourcePatientInfo.html"/></extension><reference><reference value="StructureDefinition/SourcePatientInfo"/></reference><name value=" SourcePatientInfo (LM)"/><description value="Cette métadonnée contient les traits d’identité du patient concerné par le document, connus par le producteur du document. Les informations présentes dans la métadonnée sourcePatientInfo ne doivent en aucun cas être réutilisées pour calculer un identifiant, ni être mises à jour après la soumission du document."/><exampleBoolean value="false"/><groupingId value="LogicalModelPatient"/></resource><resource><extension url="http://hl7.org/fhir/tools/StructureDefinition/resource-sort"><valueInteger value="999999999"/></extension><extension url="http://hl7.org/fhir/StructureDefinition/implementationguide-page"><valueUri value="StructureDefinition-LegalAuthenticator.html"/></extension><reference><reference value="StructureDefinition/LegalAuthenticator"/></reference><name value="LegalAuthenticator (LM)"/><description value="Cette métadonnée représente l’acteur prenant la responsabilité du contenu médical du document : &#xA;-  soit le professionnel qui prend la responsabilité du document (CDA ou DICOM KOS) produit par un professionnel (lui-même ou un autre) ou par un système rattaché à une structure (ES, …). &#xA;-  soit le patient/usager responsable du document d'expression personnelle • soit un système : exceptionnellement et uniquement pour le cas ci-dessous : &#xA;  - système via un SNR responsable du document produit via ce SNR."/><exampleBoolean value="false"/><groupingId value="LogicalModelAuthor"/></resource><resource><extension url="http://hl7.org/fhir/tools/StructureDefinition/resource-sort"><valueInteger value="999999999"/></extension><extension url="http://hl7.org/fhir/StructureDefinition/implementationguide-page"><valueUri value="StructureDefinition-Author.html"/></extension><reference><reference value="StructureDefinition/Author"/></reference><name value="Author (LM)"/><description value="Modèle logique d'un auteur.&#xA;Représente les personnes physiques et/ou les systèmes (dispositifs, automates, services numériques référencés…) auteurs d’un document ou d'un lot de soummission. &#xA;L’auteur peut être : &#xA;- Un professionnel (personne physique) via son logiciel de professionnel, &#xA;- Le patient/usager (personne physique) via Mon espace Santé, &#xA;- Un système de structure (dispositif, automate, appareil connecté…), &#xA;- Un SNR (Service Numérique Référencé), &#xA;&#xA;&#xA;author est un ensemble constitué des sous-attributs authorInstitution, authorPerson, authorRole et authorSpecialty et ne porte pas de valeur par lui-même."/><exampleBoolean value="false"/><groupingId value="LogicalModelAuthor"/></resource><resource><extension url="http://hl7.org/fhir/tools/StructureDefinition/resource-sort"><valueInteger value="999999999"/></extension><extension url="http://hl7.org/fhir/StructureDefinition/implementationguide-page"><valueUri value="StructureDefinition-AuthorInstitution.html"/></extension><reference><reference value="StructureDefinition/AuthorInstitution"/></reference><name value="AuthorInstitution (LM)"/><description value="Cet attribut représente la structure de l’auteur. &#xA;Pour les documents d’expression personnelle du patient, cette métadonnée est absente, cela signifie que l’élément XML &lt;rim:Slot name='authorInstitution'&gt; n’est pas transmis."/><exampleBoolean value="false"/><groupingId value="LogicalModelAuthor"/></resource><resource><extension url="http://hl7.org/fhir/tools/StructureDefinition/resource-sort"><valueInteger value="999999999"/></extension><extension url="http://hl7.org/fhir/StructureDefinition/implementationguide-page"><valueUri value="StructureDefinition-AuthorPerson.html"/></extension><reference><reference value="StructureDefinition/AuthorPerson"/></reference><name value="AuthorPerson (LM)"/><description value="Cet attribut représente l’auteur (humain ou système) ayant contribué au document. Pour les documents d’expression personnelle du patient, cette métadonnée fait référence au patient."/><exampleBoolean value="false"/><groupingId value="LogicalModelAuthor"/></resource><resource><extension url="http://hl7.org/fhir/tools/StructureDefinition/resource-sort"><valueInteger value="999999999"/></extension><extension url="http://hl7.org/fhir/StructureDefinition/implementationguide-page"><valueUri value="StructureDefinition-AuthorPersonPS.html"/></extension><reference><reference value="StructureDefinition/AuthorPersonPS"/></reference><name value="AuthorPersonPS (LM)"/><description value="Cet attribut représente l’auteur PS."/><exampleBoolean value="false"/><groupingId value="LogicalModelAuthor"/></resource><resource><extension url="http://hl7.org/fhir/tools/StructureDefinition/resource-sort"><valueInteger value="999999999"/></extension><extension url="http://hl7.org/fhir/StructureDefinition/implementationguide-page"><valueUri value="StructureDefinition-AuthorPersonPatient.html"/></extension><reference><reference value="StructureDefinition/AuthorPersonPatient"/></reference><name value="AuthorPersonPatient (LM)"/><description value="Cet attribut représente l’auteur Patient."/><exampleBoolean value="false"/><groupingId value="LogicalModelAuthor"/></resource><resource><extension url="http://hl7.org/fhir/tools/StructureDefinition/resource-sort"><valueInteger value="999999999"/></extension><extension url="http://hl7.org/fhir/StructureDefinition/implementationguide-page"><valueUri value="StructureDefinition-AuthorPersonSNR.html"/></extension><reference><reference value="StructureDefinition/AuthorPersonSNR"/></reference><name value="AuthorPersonSNR (LM)"/><description value="Cet attribut représente l’auteur SNR."/><exampleBoolean value="false"/><groupingId value="LogicalModelAuthor"/></resource><resource><extension url="http://hl7.org/fhir/tools/StructureDefinition/resource-sort"><valueInteger value="999999999"/></extension><extension url="http://hl7.org/fhir/StructureDefinition/implementationguide-page"><valueUri value="StructureDefinition-AuthorPersonSystem.html"/></extension><reference><reference value="StructureDefinition/AuthorPersonSystem"/></reference><name value="AuthorPersonSystem (LM)"/><description value="Cet attribut représente l’auteur System."/><exampleBoolean value="false"/><groupingId value="LogicalModelAuthor"/></resource><resource><extension url="http://hl7.org/fhir/tools/StructureDefinition/resource-sort"><valueInteger value="999999999"/></extension><extension url="http://hl7.org/fhir/StructureDefinition/implementationguide-page"><valueUri value="StructureDefinition-IdentifiantSysteme.html"/></extension><reference><reference value="StructureDefinition/IdentifiantSysteme"/></reference><name value=" IdentifiantSysteme"/><description value="Identification d'un systeme&#xA;&#xA;L’identification du ssyteme  est construite selon le tableau dessous :&#xA;- 1 + Identifiant cabinet ADELI/Identifiant interne du système dans la structure &#xA;- 3 + FINESS/Identifiant interne du système dans la structure  &#xA;- 4 + SIREN/Identifiant interne du système dans la structure &#xA;- 5 + SIRET/Identifiant interne du système dans la structure &#xA;- 6 + Identifiant cabinet RPPS/Identifiant interne du système dans la structure"/><exampleBoolean value="false"/><groupingId value="DataType"/></resource><resource><extension url="http://hl7.org/fhir/tools/StructureDefinition/resource-sort"><valueInteger value="999999999"/></extension><extension url="http://hl7.org/fhir/StructureDefinition/implementationguide-page"><valueUri value="StructureDefinition-MatriculeINS.html"/></extension><reference><reference value="StructureDefinition/MatriculeINS"/></reference><name value=" MatriculeINS"/><description value="Matricule INS (correspond au NIR (Numéro d’Identification au Répertoire des personnes physiques) ou au NIA (Numéro Identifiant Attente) de l’individu)"/><exampleBoolean value="false"/><groupingId value="DataType"/></resource><resource><extension url="http://hl7.org/fhir/tools/StructureDefinition/resource-sort"><valueInteger value="999999999"/></extension><extension url="http://hl7.org/fhir/StructureDefinition/implementationguide-page"><valueUri value="StructureDefinition-PSIdNat.html"/></extension><reference><reference value="StructureDefinition/PSIdNat"/></reference><name value=" PSIdNat"/><description value="Identification nationale principale du professionnel propre aux SI de l’ANS et au CI-SIS. (Correspondance dans le MOS : idNat_PS) &#xA;&#xA;L’identification nationale du PS est construite selon le tableau dessous :&#xA;-  0 + N° ADELI &#xA;- 1 + Identifiant cabinet ADELI/identifiant interne &#xA;- 3 + FINESS/identifiant interne &#xA;- 4 + SIREN/identifiant interne &#xA;- 5 + SIRET/identifiant interne &#xA;- 6 + Identifiant cabinet RPPS/identifiant interne &#xA;- 8 + N° RPPS"/><exampleBoolean value="false"/><groupingId value="DataType"/></resource><resource><extension url="http://hl7.org/fhir/tools/StructureDefinition/resource-sort"><valueInteger value="999999999"/></extension><extension url="http://hl7.org/fhir/StructureDefinition/implementationguide-page"><valueUri value="StructureDefinition-SNR.html"/></extension><reference><reference value="StructureDefinition/SNR"/></reference><name value=" SNR"/><description value="Identifiant interne de l’instance de la solution ayant produit le document au format OID"/><exampleBoolean value="false"/><groupingId value="DataType"/></resource><resource><extension url="http://hl7.org/fhir/tools/StructureDefinition/resource-sort"><valueInteger value="999999999"/></extension><extension url="http://hl7.org/fhir/StructureDefinition/implementationguide-page"><valueUri value="StructureDefinition-StructIdNat.html"/></extension><reference><reference value="StructureDefinition/StructIdNat"/></reference><name value=" StructIdNat"/><description value="Identification nationale principale d’une structure propre aux SI de l'ANS et au CI-SIS 4. &#xA;&#xA;L’identification nationale d’une structure est construite selon le tableau dessous :&#xA;-  0 + Identifiant cabinet ADELI &#xA;- 1 + N° FINESS 2 + N° SIREN &#xA;- 3 + N° SIRET &#xA;- 4 + N° RPPS-rang &#xA;- Néant + N° technique"/><exampleBoolean value="false"/><groupingId value="DataType"/></resource><resource><extension url="http://hl7.org/fhir/tools/StructureDefinition/resource-sort"><valueInteger value="999999999"/></extension><extension url="http://hl7.org/fhir/StructureDefinition/implementationguide-page"><valueUri value="ConceptMap-documentReferenceToPDSM.html"/></extension><reference><reference value="ConceptMap/documentReferenceToPDSM"/></reference><name value="documentReferenceToPDSM"/><description value="Relation entre une  fiche  du 'Volet Partage de Documents de Santé' et  documentReference du 'Volet Partage de Documents de Santé en mobilité'"/><exampleBoolean value="false"/><groupingId value="mapping"/></resource><resource><extension url="http://hl7.org/fhir/tools/StructureDefinition/resource-sort"><valueInteger value="999999999"/></extension><extension url="http://hl7.org/fhir/StructureDefinition/implementationguide-page"><valueUri value="ConceptMap-submissionSetToPDSM.html"/></extension><reference><reference value="ConceptMap/submissionSetToPDSM"/></reference><name value="submissionSetToPDSM"/><description value="Relation entre un lot de soummission   du 'Volet Partage de Documents de Santé' et  documentReference du 'Volet Partage de Documents de Santé en mobilité'"/><exampleBoolean value="false"/><groupingId value="mapping"/></resource><resource><extension url="http://hl7.org/fhir/tools/StructureDefinition/resource-sort"><valueInteger value="999999999"/></extension><extension url="http://hl7.org/fhir/StructureDefinition/implementationguide-page"><valueUri value="Binary-AuthorPatient.html"/></extension><reference><reference value="Binary/AuthorPatient"/></reference><name value="AuthorPatient"/><description value="Patient avec un INS"/><exampleCanonical value="StructureDefinition/Author"/><groupingId value="exemple"/></resource><resource><extension url="http://hl7.org/fhir/tools/StructureDefinition/resource-sort"><valueInteger value="999999999"/></extension><extension url="http://hl7.org/fhir/StructureDefinition/implementationguide-page"><valueUri value="Binary-AuthorDispositif.html"/></extension><reference><reference value="Binary/AuthorDispositif"/></reference><name value="AuthorDispositif"/><description value="Dispositif dans une structure de santé FINESS"/><exampleCanonical value="StructureDefinition/Author"/><groupingId value="exemple"/></resource><resource><extension url="http://hl7.org/fhir/tools/StructureDefinition/resource-sort"><valueInteger value="999999999"/></extension><extension url="http://hl7.org/fhir/StructureDefinition/implementationguide-page"><valueUri value="Binary-AuthorStructure.html"/></extension><reference><reference value="Binary/AuthorStructure"/></reference><name value="AuthorStructure"/><description value="Professionnel en structure de santé FINESS sans CPS, avec un identifiant interne"/><exampleCanonical value="StructureDefinition/Author"/><groupingId value="exemple"/></resource><resource><extension url="http://hl7.org/fhir/tools/StructureDefinition/resource-sort"><valueInteger value="999999999"/></extension><extension url="http://hl7.org/fhir/StructureDefinition/implementationguide-page"><valueUri value="Binary-AuthorPSCabinetRPPS.html"/></extension><reference><reference value="Binary/AuthorPSCabinetRPPS"/></reference><name value="AuthorPSCabinetRPPS"/><description value="Professionnel en cabinet RPPS libéral"/><exampleCanonical value="StructureDefinition/Author"/><groupingId value="exemple"/></resource><page><extension url="http://hl7.org/fhir/tools/StructureDefinition/ig-page-name"><valueUrl value="toc.html"/></extension><nameUrl value="toc.html"/><title value="Table of Contents"/><generation value="html"/><page><extension url="http://hl7.org/fhir/tools/StructureDefinition/ig-page-name"><valueUrl value="index.html"/></extension><nameUrl value="index.html"/><title value="Accueil"/><generation value="markdown"/></page><page><extension url="http://hl7.org/fhir/tools/StructureDefinition/ig-page-name"><valueUrl value="specifications_techniques.html"/></extension><nameUrl value="specifications_techniques.html"/><title value="Specifications Techniques"/><generation value="markdown"/><page><extension url="http://hl7.org/fhir/tools/StructureDefinition/ig-page-name"><valueUrl value="construction_des_flux.html"/></extension><nameUrl value="construction_des_flux.html"/><title value="Construction Des Flux"/><generation value="markdown"/></page><page><extension url="http://hl7.org/fhir/tools/StructureDefinition/ig-page-name"><valueUrl value="transaction_1.html"/></extension><nameUrl value="transaction_1.html"/><title value="Flux 01"/><generation value="markdown"/></page><page><extension url="http://hl7.org/fhir/tools/StructureDefinition/ig-page-name"><valueUrl value="transaction_2.html"/></extension><nameUrl value="transaction_2.html"/><title value="Flux 02"/><generation value="markdown"/></page><page><extension url="http://hl7.org/fhir/tools/StructureDefinition/ig-page-name"><valueUrl value="transaction_td02.html"/></extension><nameUrl value="transaction_td02.html"/><title value="Flux TD02"/><generation value="markdown"/></page><page><extension url="http://hl7.org/fhir/tools/StructureDefinition/ig-page-name"><valueUrl value="transaction_td2.html"/></extension><nameUrl value="transaction_td2.html"/><title value="Flux TD2"/><generation value="markdown"/></page><page><extension url="http://hl7.org/fhir/tools/StructureDefinition/ig-page-name"><valueUrl value="transaction_td2.1.html"/></extension><nameUrl value="transaction_td2.1.html"/><title value="Flux TD2.1"/><generation value="markdown"/></page><page><extension url="http://hl7.org/fhir/tools/StructureDefinition/ig-page-name"><valueUrl value="transaction_td3.1a.html"/></extension><nameUrl value="transaction_td3.1a.html"/><title value="Flux TD3.1a"/><generation value="markdown"/></page><page><extension url="http://hl7.org/fhir/tools/StructureDefinition/ig-page-name"><valueUrl value="transaction_td3.1b.html"/></extension><nameUrl value="transaction_td3.1b.html"/><title value="Flux TD3.1b"/><generation value="markdown"/></page><page><extension url="http://hl7.org/fhir/tools/StructureDefinition/ig-page-name"><valueUrl value="transaction_td3.2.html"/></extension><nameUrl value="transaction_td3.2.html"/><title value="Flux TD3.2"/><generation value="markdown"/></page><page><extension url="http://hl7.org/fhir/tools/StructureDefinition/ig-page-name"><valueUrl value="transaction_td3.3a.html"/></extension><nameUrl value="transaction_td3.3a.html"/><title value="Flux TD3.3a"/><generation value="markdown"/></page><page><extension url="http://hl7.org/fhir/tools/StructureDefinition/ig-page-name"><valueUrl value="transaction_td3.3b.html"/></extension><nameUrl value="transaction_td3.3b.html"/><title value="Flux TD3.3b"/><generation value="markdown"/></page><page><extension url="http://hl7.org/fhir/tools/StructureDefinition/ig-page-name"><valueUrl value="transaction_td3.3c.html"/></extension><nameUrl value="transaction_td3.3c.html"/><title value="Flux TD3.3c"/><generation value="markdown"/></page><page><extension url="http://hl7.org/fhir/tools/StructureDefinition/ig-page-name"><valueUrl value="transaction_td3.3d.html"/></extension><nameUrl value="transaction_td3.3d.html"/><title value="Flux TD3.3d"/><generation value="markdown"/></page></page><page><extension url="http://hl7.org/fhir/tools/StructureDefinition/ig-page-name"><valueUrl value="exemples_usage_dmp.html"/></extension><nameUrl value="exemples_usage_dmp.html"/><title value="Exemples d'usages DMP"/><generation value="markdown"/></page><page><extension url="http://hl7.org/fhir/tools/StructureDefinition/ig-page-name"><valueUrl value="autres_ressources.html"/></extension><nameUrl value="autres_ressources.html"/><title value="Autres Ressources"/><generation value="markdown"/><page><extension url="http://hl7.org/fhir/tools/StructureDefinition/ig-page-name"><valueUrl value="securite.html"/></extension><nameUrl value="securite.html"/><title value="Sécurité"/><generation value="markdown"/></page><page><extension url="http://hl7.org/fhir/tools/StructureDefinition/ig-page-name"><valueUrl value="downloads.html"/></extension><nameUrl value="downloads.html"/><title value="Téléchargements et usages"/><generation value="markdown"/></page></page><page><extension url="http://hl7.org/fhir/tools/StructureDefinition/ig-page-name"><valueUrl value="artifacts.html"/></extension><nameUrl value="artifacts.html"/><title value="Artifacts Summary"/><generation value="html"/><page><extension url="http://hl7.org/fhir/tools/StructureDefinition/ig-page-name"><valueUrl value="StructureDefinition-SubmissionSet.html"/></extension><nameUrl value="StructureDefinition-SubmissionSet.html"/><title value="SubmissionSet (LM)"/><generation value="generated"/></page><page><extension url="http://hl7.org/fhir/tools/StructureDefinition/ig-page-name"><valueUrl value="StructureDefinition-DocumentEntry.html"/></extension><nameUrl value="StructureDefinition-DocumentEntry.html"/><title value="Document Entry (LM)"/><generation value="generated"/></page><page><extension url="http://hl7.org/fhir/tools/StructureDefinition/ig-page-name"><valueUrl value="StructureDefinition-EventCode.html"/></extension><nameUrl value="StructureDefinition-EventCode.html"/><title value="EventCode (LM)"/><generation value="generated"/></page><page><extension url="http://hl7.org/fhir/tools/StructureDefinition/ig-page-name"><valueUrl value="StructureDefinition-PatientId.html"/></extension><nameUrl value="StructureDefinition-PatientId.html"/><title value="PatientId (LM)"/><generation value="generated"/></page><page><extension url="http://hl7.org/fhir/tools/StructureDefinition/ig-page-name"><valueUrl value="StructureDefinition-SourcePatientId.html"/></extension><nameUrl value="StructureDefinition-SourcePatientId.html"/><title value=" SourcePatientId (LM)"/><generation value="generated"/></page><page><extension url="http://hl7.org/fhir/tools/StructureDefinition/ig-page-name"><valueUrl value="StructureDefinition-SourcePatientInfo.html"/></extension><nameUrl value="StructureDefinition-SourcePatientInfo.html"/><title value=" SourcePatientInfo (LM)"/><generation value="generated"/></page><page><extension url="http://hl7.org/fhir/tools/StructureDefinition/ig-page-name"><valueUrl value="StructureDefinition-LegalAuthenticator.html"/></extension><nameUrl value="StructureDefinition-LegalAuthenticator.html"/><title value="LegalAuthenticator (LM)"/><generation value="generated"/></page><page><extension url="http://hl7.org/fhir/tools/StructureDefinition/ig-page-name"><valueUrl value="StructureDefinition-Author.html"/></extension><nameUrl value="StructureDefinition-Author.html"/><title value="Author (LM)"/><generation value="generated"/></page><page><extension url="http://hl7.org/fhir/tools/StructureDefinition/ig-page-name"><valueUrl value="StructureDefinition-AuthorInstitution.html"/></extension><nameUrl value="StructureDefinition-AuthorInstitution.html"/><title value="AuthorInstitution (LM)"/><generation value="generated"/></page><page><extension url="http://hl7.org/fhir/tools/StructureDefinition/ig-page-name"><valueUrl value="StructureDefinition-AuthorPerson.html"/></extension><nameUrl value="StructureDefinition-AuthorPerson.html"/><title value="AuthorPerson (LM)"/><generation value="generated"/></page><page><extension url="http://hl7.org/fhir/tools/StructureDefinition/ig-page-name"><valueUrl value="StructureDefinition-AuthorPersonPS.html"/></extension><nameUrl value="StructureDefinition-AuthorPersonPS.html"/><title value="AuthorPersonPS (LM)"/><generation value="generated"/></page><page><extension url="http://hl7.org/fhir/tools/StructureDefinition/ig-page-name"><valueUrl value="StructureDefinition-AuthorPersonPatient.html"/></extension><nameUrl value="StructureDefinition-AuthorPersonPatient.html"/><title value="AuthorPersonPatient (LM)"/><generation value="generated"/></page><page><extension url="http://hl7.org/fhir/tools/StructureDefinition/ig-page-name"><valueUrl value="StructureDefinition-AuthorPersonSNR.html"/></extension><nameUrl value="StructureDefinition-AuthorPersonSNR.html"/><title value="AuthorPersonSNR (LM)"/><generation value="generated"/></page><page><extension url="http://hl7.org/fhir/tools/StructureDefinition/ig-page-name"><valueUrl value="StructureDefinition-AuthorPersonSystem.html"/></extension><nameUrl value="StructureDefinition-AuthorPersonSystem.html"/><title value="AuthorPersonSystem (LM)"/><generation value="generated"/></page><page><extension url="http://hl7.org/fhir/tools/StructureDefinition/ig-page-name"><valueUrl value="StructureDefinition-IdentifiantSysteme.html"/></extension><nameUrl value="StructureDefinition-IdentifiantSysteme.html"/><title value=" IdentifiantSysteme"/><generation value="generated"/></page><page><extension url="http://hl7.org/fhir/tools/StructureDefinition/ig-page-name"><valueUrl value="StructureDefinition-MatriculeINS.html"/></extension><nameUrl value="StructureDefinition-MatriculeINS.html"/><title value=" MatriculeINS"/><generation value="generated"/></page><page><extension url="http://hl7.org/fhir/tools/StructureDefinition/ig-page-name"><valueUrl value="StructureDefinition-PSIdNat.html"/></extension><nameUrl value="StructureDefinition-PSIdNat.html"/><title value=" PSIdNat"/><generation value="generated"/></page><page><extension url="http://hl7.org/fhir/tools/StructureDefinition/ig-page-name"><valueUrl value="StructureDefinition-SNR.html"/></extension><nameUrl value="StructureDefinition-SNR.html"/><title value=" SNR"/><generation value="generated"/></page><page><extension url="http://hl7.org/fhir/tools/StructureDefinition/ig-page-name"><valueUrl value="StructureDefinition-StructIdNat.html"/></extension><nameUrl value="StructureDefinition-StructIdNat.html"/><title value=" StructIdNat"/><generation value="generated"/></page><page><extension url="http://hl7.org/fhir/tools/StructureDefinition/ig-page-name"><valueUrl value="ConceptMap-documentReferenceToPDSM.html"/></extension><nameUrl value="ConceptMap-documentReferenceToPDSM.html"/><title value="documentReferenceToPDSM"/><generation value="generated"/></page><page><extension url="http://hl7.org/fhir/tools/StructureDefinition/ig-page-name"><valueUrl value="ConceptMap-submissionSetToPDSM.html"/></extension><nameUrl value="ConceptMap-submissionSetToPDSM.html"/><title value="submissionSetToPDSM"/><generation value="generated"/></page><page><extension url="http://hl7.org/fhir/tools/StructureDefinition/ig-page-name"><valueUrl value="Binary-AuthorPatient.html"/></extension><nameUrl value="Binary-AuthorPatient.html"/><title value="AuthorPatient"/><generation value="generated"/></page><page><extension url="http://hl7.org/fhir/tools/StructureDefinition/ig-page-name"><valueUrl value="Binary-AuthorDispositif.html"/></extension><nameUrl value="Binary-AuthorDispositif.html"/><title value="AuthorDispositif"/><generation value="generated"/></page><page><extension url="http://hl7.org/fhir/tools/StructureDefinition/ig-page-name"><valueUrl value="Binary-AuthorStructure.html"/></extension><nameUrl value="Binary-AuthorStructure.html"/><title value="AuthorStructure"/><generation value="generated"/></page><page><extension url="http://hl7.org/fhir/tools/StructureDefinition/ig-page-name"><valueUrl value="Binary-AuthorPSCabinetRPPS.html"/></extension><nameUrl value="Binary-AuthorPSCabinetRPPS.html"/><title value="AuthorPSCabinetRPPS"/><generation value="generated"/></page></page></page><parameter><code value="path-resource"/><value value="input/Examples"/></parameter><parameter><code value="path-resource"/><value value="input/capabilities"/></parameter><parameter><code value="path-resource"/><value value="input/examples"/></parameter><parameter><code value="path-resource"/><value value="input/extensions"/></parameter><parameter><code value="path-resource"/><value value="input/models"/></parameter><parameter><code value="path-resource"/><value value="input/operations"/></parameter><parameter><code value="path-resource"/><value value="input/profiles"/></parameter><parameter><code value="path-resource"/><value value="input/resources"/></parameter><parameter><code value="path-resource"/><value value="input/vocabulary"/></parameter><parameter><code value="path-resource"/><value value="input/testing"/></parameter><parameter><code value="path-resource"/><value value="input/history"/></parameter><parameter><code value="path-resource"/><value value="fsh-generated/resources"/></parameter><parameter><code value="path-pages"/><value value="template/config"/></parameter><parameter><code value="path-pages"/><value value="input/images"/></parameter><parameter><code value="path-tx-cache"/><value value="input-cache/txcache"/></parameter></definition></ImplementationGuide>