Source File	Size	loadResources	load	generateSnapshots	load-configure	scan	loadDepInfo	loadInfo	checkR4R4B	generateNarratives	validate	loadLists	checkConformanceResources	checkConformanceResources2	checkConformanceResources3	generateLogicalMaps	validateExpressions	scanForUsageStats	checkURLsUnique	processProvenanceDetails	translate	generate1	generate2	generateLogicals	makeDependencies	generateExampleZip	generateValidationPack	scanProfilesForR5	scanExamplesForR5
/fsh-generated/resources/ImplementationGuide-ans.fhir.fr.pdsm4dmp.json	26181	-	0	0	0	0	0	0	23	61	0	0	0	0	1	0	0	1	0	0	27	171	404	0	0	0	5	0	1
fsh-generated/resources/Binary-AuthorDispositif.json	1341	3	0	0	1	0	0	0	0	0	0	0	0	0	0	0	0	0	0	0	12	8	14	0	0	0	0	0	0
fsh-generated/resources/Binary-AuthorInstitutionCabinetRPPS.json	1351	1	0	0	0	0	0	0	0	1	0	0	0	0	0	0	0	0	0	0	11	7	12	0	0	0	0	0	0
fsh-generated/resources/Binary-AuthorInstitutionSNR.json	1343	2	0	0	1	0	0	0	1	0	0	0	0	0	0	0	0	0	0	0	12	6	12	0	0	0	0	0	0
fsh-generated/resources/Binary-AuthorInstitutionStructure.json	1349	1	0	0	0	0	0	0	0	0	0	0	0	0	0	0	0	0	0	0	11	6	12	0	0	0	0	0	0
fsh-generated/resources/Binary-AuthorPSCabinetRPPS.json	1344	2	0	0	0	0	0	0	0	1	0	0	0	0	0	0	0	0	0	0	12	6	13	0	0	0	0	0	0
fsh-generated/resources/Binary-AuthorPatient.json	1338	1	0	0	0	0	0	0	0	0	0	0	0	0	0	0	0	0	0	0	11	6	11	0	0	0	0	0	0
fsh-generated/resources/Binary-AuthorStructure.json	1340	1	0	0	0	0	0	0	0	0	0	0	0	0	0	0	0	0	0	0	12	6	15	0	0	0	0	0	0
fsh-generated/resources/Binary-example-annexe-binary-cda.json	226	2	0	0	0	0	0	0	0	1	0	0	0	0	0	0	0	0	0	0	10	4	10	0	0	0	0	0	0
fsh-generated/resources/ConceptMap-documentReferenceToPDSM.json	7426	3	0	0	0	0	0	0	1	20	0	0	0	0	0	0	0	0	0	0	12	73	188	0	0	0	2	0	0
fsh-generated/resources/ConceptMap-submissionSetToPDSM.json	3412	3	0	0	0	0	0	0	0	11	0	0	0	0	0	0	0	0	0	0	12	33	82	0	0	0	0	0	0
fsh-generated/resources/DocumentReference-example-annexe-docref-cda.json	3100	3	0	0	0	0	0	0	1	478	0	0	0	0	0	0	0	0	0	0	23	33	40	0	0	0	0	0	0
fsh-generated/resources/DocumentReference-example-annexe-docref-fhir.json	3077	2	0	0	0	0	0	0	0	17	0	0	0	0	0	0	0	0	0	0	12	28	36	0	0	0	0	0	0
fsh-generated/resources/DocumentReference-example-td3-1a-cr-consultation.json	3088	2	0	0	0	0	0	0	1	22	0	0	0	0	0	0	0	0	0	0	11	29	38	0	0	0	0	0	0
fsh-generated/resources/DocumentReference-example-td3-1a-fhir-document.json	3049	1	0	0	0	0	0	0	0	16	0	0	0	0	0	0	0	0	0	0	9	29	35	0	0	0	0	0	0
fsh-generated/resources/DocumentReference-example-td3-1a-ordonnance.json	3017	2	0	0	0	0	0	0	0	17	0	0	0	0	0	0	0	0	0	0	7	27	38	0	0	1	0	0	0
fsh-generated/resources/StructureDefinition-ActorPS.json	2260	3	0	20	0	0	0	1	0	61	0	0	1	0	1	0	0	0	0	0	1	103	775	0	0	0	2	0	0
fsh-generated/resources/StructureDefinition-ActorPatient.json	2164	2	0	8	0	0	0	0	0	13	0	0	0	0	0	0	0	1	0	0	1	81	277	0	0	0	1	0	0
fsh-generated/resources/StructureDefinition-ActorSNR.json	2209	2	0	8	1	0	0	0	0	15	0	0	0	0	0	0	0	0	0	0	0	73	261	0	0	0	1	0	0
fsh-generated/resources/StructureDefinition-ActorSystem.json	2127	2	0	8	0	0	0	0	0	13	0	0	1	0	0	0	0	0	0	0	1	74	256	0	0	0	2	0	0
fsh-generated/resources/StructureDefinition-ActorXDS.json	5924	2	0	1	0	0	0	0	0	14	0	0	0	0	1	0	0	0	0	0	1	78	241	0	0	0	1	0	0
fsh-generated/resources/StructureDefinition-Author.json	4643	2	0	12	0	0	0	0	0	14	0	0	0	0	0	0	0	0	0	0	1	73	248	0	0	0	2	0	0
fsh-generated/resources/StructureDefinition-AuthorDocumentEntry.json	4337	2	0	6	0	0	0	0	0	11	0	0	1	0	0	0	0	0	0	0	0	59	220	0	0	0	1	0	0
fsh-generated/resources/StructureDefinition-AuthorInstitution.json	7143	2	0	6	0	0	0	0	0	13	0	0	0	0	0	0	0	1	0	0	1	76	233	0	0	0	1	0	0
fsh-generated/resources/StructureDefinition-AuthorSubmissionSet.json	2401	2	0	6	0	0	0	0	0	9	0	0	0	0	1	0	0	0	0	0	1	53	212	0	0	0	1	0	0
fsh-generated/resources/StructureDefinition-DocumentEntry.json	21414	3	0	23	0	0	0	0	0	36	0	0	1	0	0	0	0	0	0	0	3	253	437	0	0	0	5	1	1
fsh-generated/resources/StructureDefinition-EventCode.json	1766	2	0	7	0	0	1	0	0	8	0	0	0	0	0	0	0	0	0	0	1	36	163	0	0	0	0	0	0
fsh-generated/resources/StructureDefinition-Folder.json	6382	2	0	6	0	0	0	0	0	11	0	0	0	0	0	0	0	0	0	0	1	90	171	0	0	0	2	0	0
fsh-generated/resources/StructureDefinition-Identifiant.json	1638	2	0	3	0	0	0	0	0	12	0	0	1	0	1	0	0	0	0	0	0	77	139	0	0	0	1	0	0
fsh-generated/resources/StructureDefinition-IdentifiantSysteme.json	1054	1	0	2	0	0	0	0	3	6	0	0	0	0	0	0	0	0	0	0	1	235	149	0	0	0	1	0	0
fsh-generated/resources/StructureDefinition-MatriculeINS.json	1397	1	0	3	0	0	0	0	0	4	0	0	0	0	0	0	0	0	0	0	0	73	133	0	0	0	0	0	0
fsh-generated/resources/StructureDefinition-PSIdNat.json	2251	1	0	2	0	0	0	0	0	6	0	0	1	0	1	0	0	0	0	0	1	364	136	0	0	0	1	0	0
fsh-generated/resources/StructureDefinition-PatientId.json	2528	2	0	5	0	0	0	0	0	9	0	0	0	0	0	0	0	0	0	0	0	73	141	0	0	0	0	0	0
fsh-generated/resources/StructureDefinition-SNR.json	1055	1	0	3	0	0	0	0	0	11	0	0	0	0	0	0	0	0	0	0	1	31	146	0	0	0	1	0	0
fsh-generated/resources/StructureDefinition-SourcePatientId.json	2661	2	0	4	1	0	0	0	0	12	0	0	0	0	0	0	0	0	0	0	0	47	181	0	0	0	1	0	0
fsh-generated/resources/StructureDefinition-SourcePatientInfo.json	4955	2	0	7	0	0	0	0	0	15	0	0	1	0	1	0	0	0	0	0	1	79	187	0	0	0	1	0	0
fsh-generated/resources/StructureDefinition-StructIdNat.json	1629	1	0	4	0	0	0	0	0	10	0	0	0	0	0	0	0	0	0	0	0	34	121	0	0	0	0	0	0
fsh-generated/resources/StructureDefinition-SubmissionSet.json	8029	2	0	9	0	0	0	0	0	13	0	0	0	0	0	0	0	1	0	0	2	100	190	0	0	0	2	0	0
input/examples/Bundle-example-annexe-fhir-document.json	1964	2	10	0	0	0	0	0	0	3	0	0	0	0	0	0	0	0	0	0	7	11	40	0	0	0	0	0	0
input/examples/Bundle-example-annexe-searchset-documentreferences.json	8140	2	10	0	0	0	0	0	1	16	0	0	0	0	0	0	0	0	0	0	8	42	43	0	0	0	0	0	0
input/examples/Bundle-example-td2-1-remplacement.json	7701	3	7	0	0	0	0	0	0	83	0	0	0	0	0	0	0	0	0	0	6	22	53	0	0	0	0	0	1
input/examples/Bundle-example-td2-iti65-lot-soumission.json	6970	3	1	0	0	0	0	0	1	9	0	0	0	0	0	0	0	0	0	0	6	53	51	0	0	0	0	0	0
input/examples/DocumentReference-doc-x-id.json	2801	2	0	0	0	0	0	0	0	11	0	0	0	0	0	0	0	0	0	0	6	18	22	0	0	0	0	0	0
input/examples/DocumentReference-example-td2-iti105-publication-simplifiee.json	1258	1	0	0	0	0	0	0	0	6	0	0	0	0	0	0	0	0	0	0	7	12	21	0	0	0	0	0	0
/fsh-generated/includes/menu.xml	4205	-	-	-	0	0	0	0	0	0	0	0	0	0	0	0	0	0	0	0	0	0	1	0	0	0	0	0	0
/fsh-generated/includes/fsh-link-references.md	2635	-	-	-	0	0	0	0	0	0	0	0	0	0	0	0	0	0	0	0	0	0	1	0	0	0	0	0	0
/input/data/features.yml	164	-	-	-	0	0	0	0	0	0	0	0	0	0	0	0	0	0	0	0	0	0	0	0	0	0	0	0	0
/input/pagecontent/transaction_td0.5.md	95	-	-	-	0	0	0	0	0	0	0	0	0	0	0	0	0	0	0	0	0	0	0	0	0	0	0	0	0
/input/pagecontent/securite.md	900	-	-	-	0	0	0	0	0	0	0	0	0	0	0	0	0	0	0	0	0	0	0	0	0	0	0	0	0
/input/pagecontent/transaction_td3.3a.md	4827	-	-	-	0	0	0	0	0	0	0	0	0	0	0	0	0	0	0	0	0	0	0	0	0	0	0	0	0
/input/pagecontent/transaction_td3.3c.md	3967	-	-	-	0	0	0	0	0	0	0	0	0	0	0	0	0	0	0	0	0	0	1	0	0	0	0	0	0
/input/pagecontent/transaction_td0.3.md	95	-	-	-	0	0	0	0	0	0	0	0	0	0	0	0	0	0	0	0	0	0	0	0	0	0	0	0	0
/input/pagecontent/autres_ressources.md	155	-	-	-	0	0	0	0	0	0	0	0	0	0	0	0	0	0	0	0	0	0	0	0	0	0	0	0	0
/input/pagecontent/annexe.md	119	-	-	-	0	0	0	0	0	0	0	0	0	0	0	0	0	0	0	0	0	0	0	0	0	0	0	0	0
/input/pagecontent/tests.md	1184	-	-	-	0	0	0	0	0	0	0	0	0	0	0	0	0	0	0	0	0	0	0	0	0	0	0	0	0
/input/pagecontent/StructureDefinition-SourcePatientInfo-intro.md	232	-	-	-	0	0	0	0	0	0	0	0	0	0	0	0	0	0	0	0	0	0	0	0	0	0	0	0	0
/input/pagecontent/transaction_td3.1b.md	3446	-	-	-	0	0	0	0	0	0	0	0	0	0	0	0	0	0	0	0	0	0	1	0	0	0	0	0	0
/input/pagecontent/annexe_exemple_documentreference_cda_fhir.md	3440	-	-	-	0	0	0	0	0	0	0	0	0	0	0	0	0	0	0	0	0	0	0	0	0	0	0	0	0
/input/pagecontent/annexe_dates_xds_fhir.md	3637	-	-	-	0	0	0	0	0	0	0	0	0	0	0	0	0	0	0	0	0	0	0	0	0	0	0	0	0
/input/pagecontent/StructureDefinition-Author-intro.md	165	-	-	-	0	0	0	0	0	0	0	0	0	0	0	0	0	0	0	0	0	0	1	0	0	0	0	0	0
/input/pagecontent/transaction_td0.2.md	7018	-	-	-	0	0	0	0	0	0	0	0	0	0	0	0	0	0	0	0	0	0	1	0	0	0	0	0	0
/input/pagecontent/transaction_td3.1a.md	6458	-	-	-	0	0	0	0	0	0	0	0	0	0	0	0	0	0	0	0	0	0	1	0	0	0	0	0	0
/input/pagecontent/transaction_td2.1.md	4423	-	-	-	0	0	0	0	0	0	0	0	0	0	0	0	0	0	0	0	0	0	1	0	0	0	0	0	0
/input/pagecontent/StructureDefinition-PatientId-intro.md	330	-	-	-	0	0	0	0	0	0	0	0	0	0	0	0	0	0	0	0	0	0	0	0	0	0	0	0	0
/input/pagecontent/transaction_td3.3d.md	3457	-	-	-	0	0	0	0	0	0	0	0	0	0	0	0	0	0	0	0	0	0	1	0	0	0	0	0	0
/input/pagecontent/transaction_td3.3b.md	5053	-	-	-	0	0	0	0	0	0	0	0	0	0	0	0	0	0	0	0	0	0	0	0	0	0	0	0	0
/input/pagecontent/StructureDefinition-LegalAuthentificator.md	442	-	-	-	0	0	0	0	0	0	0	0	0	0	0	0	0	0	0	0	0	0	0	0	0	0	0	0	0
/input/pagecontent/exemples_usage_dmp.md	16435	-	-	-	0	0	0	0	0	0	0	0	0	0	0	0	0	0	0	0	0	0	1	0	0	0	0	0	0
/input/pagecontent/StructureDefinition-AuthorPerson-intro.md	489	-	-	-	0	0	0	0	0	0	0	0	0	0	0	0	0	0	0	0	0	0	0	0	0	0	0	0	0
/input/pagecontent/annexe_identifiants_xds_fhir.md	4248	-	-	-	0	0	0	0	0	0	0	0	0	0	0	0	0	0	0	0	0	0	0	0	0	0	0	0	0
/input/pagecontent/downloads.md	1727	-	-	-	0	0	0	0	0	0	0	0	0	0	0	0	0	0	0	0	0	0	0	0	0	0	0	0	0
/input/pagecontent/change-log.md	1214	-	-	-	0	0	0	0	0	0	0	0	0	0	0	0	0	0	0	0	0	0	1	0	0	0	0	0	0
/input/pagecontent/StructureDefinition-AuthorInstitution-intro.md	159	-	-	-	0	0	0	0	0	0	0	0	0	0	0	0	0	0	0	0	0	0	0	0	0	0	0	0	0
/input/pagecontent/translationinfo.md	157	-	-	-	0	0	0	0	0	0	0	0	0	0	0	0	0	0	0	0	0	0	0	0	0	0	0	0	0
/input/pagecontent/index.md	7148	-	-	-	0	0	0	0	0	0	0	0	0	0	0	0	0	0	0	0	0	0	1	0	0	0	0	0	0
/input/pagecontent/transaction_td3.2.md	4334	-	-	-	0	0	0	0	0	0	0	0	0	0	0	0	0	0	0	0	0	0	0	0	0	0	0	0	0
/input/pagecontent/StructureDefinition-SourcePatientId-intro.md	54	-	-	-	0	0	0	0	0	0	0	0	0	0	0	0	0	0	0	0	0	0	0	0	0	0	0	0	0
/input/pagecontent/transaction_td0.4.md	95	-	-	-	0	0	0	0	0	0	0	0	0	0	0	0	0	0	0	0	0	0	0	0	0	0	0	0	0
/input/pagecontent/specifications_fonctionnelles.md	0	-	-	-	0	0	0	0	0	0	0	0	0	0	0	0	0	0	0	0	0	0	0	0	0	0	0	0	0
/input/pagecontent/transaction_td2.md	4887	-	-	-	0	0	0	0	0	0	0	0	0	0	0	0	0	0	0	0	0	0	1	0	0	0	0	0	0
/input/pagecontent/transaction_td0.1.md	95	-	-	-	0	0	0	0	0	0	0	0	0	0	0	0	0	0	0	0	0	0	0	0	0	0	0	0	0
/input/pagecontent/specifications_techniques.md	0	-	-	-	0	0	0	0	0	0	0	0	0	0	0	0	0	0	0	0	0	0	0	0	0	0	0	0	0
/template/config	0	-	-	-	0	0	0	0	0	0	0	0	0	0	0	0	0	0	0	0	0	0	0	0	0	0	0	0	0
/template/config/_config.yml	140	-	-	-	0	0	0	0	0	0	0	0	0	0	0	0	0	0	0	0	0	0	0	0	0	0	0	0	0
/input/images	0	-	-	-	0	0	0	0	0	0	0	0	0	0	0	0	0	0	0	0	0	0	0	0	0	0	0	0	0
/input/images/ci-sis-logo.png	61365	-	-	-	0	0	0	0	0	0	0	0	0	0	0	0	0	0	0	0	0	0	1	0	0	0	0	0	0
/input/images/anImage.png	36288	-	-	-	0	0	0	0	0	0	0	0	0	0	0	0	0	0	0	0	0	0	0	0	0	0	0	0	0
/temp/pages/_includes/artifacts.xml	31598	-	-	-	-	-	-	-	-	-	-	-	-	-	-	-	-	-	-	-	-	-	1	0	0	0	0	0	0
